{
  "resourceType" : "CapabilityStatement",
  "id" : "KenyaDiagnosticsIGCapabilityStatement",
  "text" : {
    "status" : "extensions",
    "div" : "<div xmlns=\"http://www.w3.org/1999/xhtml\"><p class=\"res-header-id\"><b>Generated Narrative: CapabilityStatement KenyaDiagnosticsIGCapabilityStatement</b></p><a name=\"KenyaDiagnosticsIGCapabilityStatement\"> </a><a name=\"hcKenyaDiagnosticsIGCapabilityStatement\"> </a><a name=\"hcKenyaDiagnosticsIGCapabilityStatement-en-US\"> </a><h2 id=\"title\">Kenya Diagnostics IG Capability Statement</h2><ul><li>Implementation Guide Version: 0.1.0 </li><li>FHIR Version: 4.0.1 </li><li>Supported Formats: <code>json</code></li><li>Supported Patch Formats: </li><li>Published on: 2024-08-16 </li><li>Published by: DNLS </li></ul><blockquote class=\"impl-note\"><p><strong>Note to Implementers: FHIR Capabilities</strong></p><p>Any FHIR capability may be 'allowed' by the system unless explicitly marked as 'SHALL NOT'. A few items are marked as MAY in the Implementation Guide to highlight their potential relevance to the use case.</p></blockquote><h2 id=\"rest\">FHIR RESTful Capabilities</h2><div class=\"panel panel-default\"><div class=\"panel-heading\"><h3 id=\"mode1\" class=\"panel-title\">Mode: <code>server</code></h3></div><div class=\"panel-body\"><div class=\"lead\"><em>Summary of System-wide Interactions</em></div><ul><li>Supports the <code>transaction</code>interaction.</li><li>Supports the <code>batch</code>interaction.</li><li>Supports the <code>history-system</code>interaction.</li><li>Supports the <code>search-system</code>interaction.</li></ul></div></div><h3 id=\"resourcesCap1\">Capabilities by Resource/Profile</h3><h4 id=\"resourcesSummary1\">Summary</h4><p>The summary table lists the resources that are part of this configuration, and for each resource it lists:</p><ul><li>The relevant profiles (if any)</li><li>The interactions supported by each resource (<b><span class=\"bg-info\">R</span></b>ead, <b><span class=\"bg-info\">S</span></b>earch, <b><span class=\"bg-info\">U</span></b>pdate, and <b><span class=\"bg-info\">C</span></b>reate, are always shown, while <b><span class=\"bg-info\">VR</span></b>ead, <b><span class=\"bg-info\">P</span></b>atch, <b><span class=\"bg-info\">D</span></b>elete, <b><span class=\"bg-info\">H</span></b>istory on <b><span class=\"bg-info\">I</span></b>nstance, or <b><span class=\"bg-info\">H</span></b>istory on <b><span class=\"bg-info\">T</span></b>ype are only present if at least one of the resources has support for them.</li><li><span>The required, recommended, and some optional search parameters (if any). </span></li><li>The linked resources enabled for <code>_include</code></li><li>The other resources enabled for <code>_revinclude</code></li><li>The operations on the resource (if any)</li></ul><div class=\"table-responsive\"><table class=\"table table-condensed table-hover\"><thead><tr><th><b>Resource Type</b></th><th><b>Profile</b></th><th class=\"text-center\"><b title=\"GET a resource (read interaction)\">R</b></th><th class=\"text-center\"><b title=\"GET all set of resources of the type (search interaction)\">S</b></th><th class=\"text-center\"><b title=\"PUT a new resource version (update interaction)\">U</b></th><th class=\"text-center\"><b title=\"POST a new resource (create interaction)\">C</b></th><th><b title=\"Required and recommended search parameters\">Searches</b></th><th><code><b>_include</b></code></th><th><code><b>_revinclude</b></code></th><th><b>Operations</b></th></tr></thead><tbody><tr><td><a href=\"#ServiceRequest1-1\">ServiceRequest</a></td><td><a href=\"StructureDefinition-KenyaDiagnosticServiceRequest.html\">http://fhir.nphl.go.ke/StructureDefinition/KenyaDiagnosticServiceRequest</a></td><td>y</td><td class=\"text-center\">y</td><td class=\"text-center\">y</td><td class=\"text-center\">y</td><td></td><td/><td/><td/></tr><tr><td><a href=\"#DiagnosticReport1-2\">DiagnosticReport</a></td><td><a href=\"StructureDefinition-KenyaDiagnosticReport.html\">http://fhir.nphl.go.ke/StructureDefinition/KenyaDiagnosticReport</a></td><td>y</td><td class=\"text-center\">y</td><td class=\"text-center\">y</td><td class=\"text-center\">y</td><td></td><td/><td/><td/></tr><tr><td><a href=\"#Observation1-3\">Observation</a></td><td><a href=\"StructureDefinition-KenyaObservation.html\">http://fhir.nphl.go.ke/StructureDefinition/KenyaObservation</a></td><td>y</td><td class=\"text-center\">y</td><td class=\"text-center\">y</td><td class=\"text-center\">y</td><td></td><td/><td/><td/></tr><tr><td><a href=\"#Patient1-4\">Patient</a></td><td><a href=\"StructureDefinition-Kenya-patient-ips.html\">http://fhir.nphl.go.ke/StructureDefinition/Kenya-patient-ips</a></td><td>y</td><td class=\"text-center\">y</td><td class=\"text-center\"></td><td class=\"text-center\"></td><td></td><td/><td/><td/></tr><tr><td><a href=\"#Encounter1-5\">Encounter</a></td><td><a href=\"StructureDefinition-KenyaEncounter.html\">http://fhir.nphl.go.ke/StructureDefinition/KenyaEncounter</a></td><td>y</td><td class=\"text-center\">y</td><td class=\"text-center\">y</td><td class=\"text-center\">y</td><td></td><td/><td/><td/></tr><tr><td><a href=\"#Practitioner1-6\">Practitioner</a></td><td><a href=\"http://hl7.org/fhir/R4/practitioner.html\">http://hl7.org/fhir/StructureDefinition/Practitioner</a></td><td>y</td><td class=\"text-center\">y</td><td class=\"text-center\"></td><td class=\"text-center\"></td><td></td><td/><td/><td/></tr><tr><td><a href=\"#Organization1-7\">Organization</a></td><td><a href=\"StructureDefinition-KenyaHealthProviderOrganization.html\">http://fhir.nphl.go.ke/StructureDefinition/KenyaHealthProviderOrganization</a></td><td>y</td><td class=\"text-center\">y</td><td class=\"text-center\"></td><td class=\"text-center\"></td><td></td><td/><td/><td/></tr></tbody></table></div><hr/><div class=\"panel panel-default\"><div class=\"panel-heading\"><h4 id=\"ServiceRequest1-1\" class=\"panel-title\"><span style=\"float: right;\">Resource Conformance: supported </span>ServiceRequest</h4></div><div class=\"panel-body\"><div class=\"container\"><div class=\"row\"><div class=\"col-lg-6\"><span class=\"lead\">Base System Profile</span><br/><a href=\"StructureDefinition-KenyaDiagnosticServiceRequest.html\">http://fhir.nphl.go.ke/StructureDefinition/KenyaDiagnosticServiceRequest</a></div><div class=\"col-lg-3\"><span class=\"lead\">Profile Conformance</span><br/><b>SHALL</b></div><div class=\"col-lg-3\"><span class=\"lead\">Reference Policy</span><br/></div></div><p/><div class=\"row\"><div class=\"col-lg-6\"><span class=\"lead\">Interaction summary</span><br/><ul><li>Supports <code>read</code>, <code>search-type</code>, <code>create</code>, <code>update</code>.</li></ul></div></div><p/></div></div></div><div class=\"panel panel-default\"><div class=\"panel-heading\"><h4 id=\"DiagnosticReport1-2\" class=\"panel-title\"><span style=\"float: right;\">Resource Conformance: supported </span>DiagnosticReport</h4></div><div class=\"panel-body\"><div class=\"container\"><div class=\"row\"><div class=\"col-lg-6\"><span class=\"lead\">Base System Profile</span><br/><a href=\"StructureDefinition-KenyaDiagnosticReport.html\">http://fhir.nphl.go.ke/StructureDefinition/KenyaDiagnosticReport</a></div><div class=\"col-lg-3\"><span class=\"lead\">Profile Conformance</span><br/><b>SHALL</b></div><div class=\"col-lg-3\"><span class=\"lead\">Reference Policy</span><br/></div></div><p/><div class=\"row\"><div class=\"col-lg-6\"><span class=\"lead\">Interaction summary</span><br/><ul><li>Supports <code>read</code>, <code>search-type</code>, <code>create</code>, <code>update</code>.</li></ul></div></div><p/></div></div></div><div class=\"panel panel-default\"><div class=\"panel-heading\"><h4 id=\"Observation1-3\" class=\"panel-title\"><span style=\"float: right;\">Resource Conformance: supported </span>Observation</h4></div><div class=\"panel-body\"><div class=\"container\"><div class=\"row\"><div class=\"col-lg-6\"><span class=\"lead\">Base System Profile</span><br/><a href=\"StructureDefinition-KenyaObservation.html\">http://fhir.nphl.go.ke/StructureDefinition/KenyaObservation</a></div><div class=\"col-lg-3\"><span class=\"lead\">Profile Conformance</span><br/><b>SHALL</b></div><div class=\"col-lg-3\"><span class=\"lead\">Reference Policy</span><br/></div></div><p/><div class=\"row\"><div class=\"col-lg-6\"><span class=\"lead\">Interaction summary</span><br/><ul><li>Supports <code>read</code>, <code>search-type</code>, <code>create</code>, <code>update</code>.</li></ul></div></div><p/></div></div></div><div class=\"panel panel-default\"><div class=\"panel-heading\"><h4 id=\"Patient1-4\" class=\"panel-title\"><span style=\"float: right;\">Resource Conformance: supported </span>Patient</h4></div><div class=\"panel-body\"><div class=\"container\"><div class=\"row\"><div class=\"col-lg-6\"><span class=\"lead\">Base System Profile</span><br/><a href=\"StructureDefinition-Kenya-patient-ips.html\">http://fhir.nphl.go.ke/StructureDefinition/Kenya-patient-ips</a></div><div class=\"col-lg-3\"><span class=\"lead\">Profile Conformance</span><br/><b>SHALL</b></div><div class=\"col-lg-3\"><span class=\"lead\">Reference Policy</span><br/></div></div><p/><div class=\"row\"><div class=\"col-lg-6\"><span class=\"lead\">Interaction summary</span><br/><ul><li>Supports <code>read</code>, <code>search-type</code>.</li></ul></div></div><p/></div></div></div><div class=\"panel panel-default\"><div class=\"panel-heading\"><h4 id=\"Encounter1-5\" class=\"panel-title\"><span style=\"float: right;\">Resource Conformance: supported </span>Encounter</h4></div><div class=\"panel-body\"><div class=\"container\"><div class=\"row\"><div class=\"col-lg-6\"><span class=\"lead\">Base System Profile</span><br/><a href=\"StructureDefinition-KenyaEncounter.html\">http://fhir.nphl.go.ke/StructureDefinition/KenyaEncounter</a></div><div class=\"col-lg-3\"><span class=\"lead\">Profile Conformance</span><br/><b>SHALL</b></div><div class=\"col-lg-3\"><span class=\"lead\">Reference Policy</span><br/></div></div><p/><div class=\"row\"><div class=\"col-lg-6\"><span class=\"lead\">Interaction summary</span><br/><ul><li>Supports <code>read</code>, <code>search-type</code>, <code>create</code>, <code>update</code>.</li></ul></div></div><p/></div></div></div><div class=\"panel panel-default\"><div class=\"panel-heading\"><h4 id=\"Practitioner1-6\" class=\"panel-title\"><span style=\"float: right;\">Resource Conformance: supported </span>Practitioner</h4></div><div class=\"panel-body\"><div class=\"container\"><div class=\"row\"><div class=\"col-lg-6\"><span class=\"lead\">Base System Profile</span><br/><a href=\"http://hl7.org/fhir/R4/practitioner.html\">http://hl7.org/fhir/StructureDefinition/Practitioner</a></div><div class=\"col-lg-3\"><span class=\"lead\">Profile Conformance</span><br/><b>SHALL</b></div><div class=\"col-lg-3\"><span class=\"lead\">Reference Policy</span><br/></div></div><p/><div class=\"row\"><div class=\"col-lg-6\"><span class=\"lead\">Interaction summary</span><br/><ul><li>Supports <code>read</code>, <code>search-type</code>.</li></ul></div></div><p/></div></div></div><div class=\"panel panel-default\"><div class=\"panel-heading\"><h4 id=\"Organization1-7\" class=\"panel-title\"><span style=\"float: right;\">Resource Conformance: supported </span>Organization</h4></div><div class=\"panel-body\"><div class=\"container\"><div class=\"row\"><div class=\"col-lg-6\"><span class=\"lead\">Base System Profile</span><br/><a href=\"StructureDefinition-KenyaHealthProviderOrganization.html\">http://fhir.nphl.go.ke/StructureDefinition/KenyaHealthProviderOrganization</a></div><div class=\"col-lg-3\"><span class=\"lead\">Profile Conformance</span><br/><b>SHALL</b></div><div class=\"col-lg-3\"><span class=\"lead\">Reference Policy</span><br/></div></div><p/><div class=\"row\"><div class=\"col-lg-6\"><span class=\"lead\">Interaction summary</span><br/><ul><li>Supports <code>read</code>, <code>search-type</code>.</li></ul></div></div><p/></div></div></div></div>"
  },
  "url" : "http://fhir.nphl.go.ke/CapabilityStatement/KenyaDiagnosticsIGCapabilityStatement",
  "version" : "0.1.0",
  "name" : "KenyaDiagnosticsIGCapabilityStatement",
  "title" : "Kenya Diagnostics IG Capability Statement",
  "status" : "active",
  "date" : "2024-08-16",
  "publisher" : "DNLS",
  "contact" : [{
    "name" : "DNLS",
    "telecom" : [{
      "system" : "url",
      "value" : "http://nphl.go.ke"
    }]
  }],
  "description" : "Defines the expected capabilities of this IG.",
  "kind" : "requirements",
  "fhirVersion" : "4.0.1",
  "format" : ["json"],
  "rest" : [{
    "mode" : "server",
    "resource" : [{
      "type" : "ServiceRequest",
      "profile" : "http://fhir.nphl.go.ke/StructureDefinition/KenyaDiagnosticServiceRequest",
      "interaction" : [{
        "code" : "read"
      },
      {
        "code" : "search-type"
      },
      {
        "code" : "create"
      },
      {
        "code" : "update"
      }]
    },
    {
      "type" : "DiagnosticReport",
      "profile" : "http://fhir.nphl.go.ke/StructureDefinition/KenyaDiagnosticReport",
      "interaction" : [{
        "code" : "read"
      },
      {
        "code" : "search-type"
      },
      {
        "code" : "create"
      },
      {
        "code" : "update"
      }]
    },
    {
      "type" : "Observation",
      "profile" : "http://fhir.nphl.go.ke/StructureDefinition/KenyaObservation",
      "interaction" : [{
        "code" : "read"
      },
      {
        "code" : "search-type"
      },
      {
        "code" : "create"
      },
      {
        "code" : "update"
      }]
    },
    {
      "type" : "Patient",
      "profile" : "http://fhir.nphl.go.ke/StructureDefinition/Kenya-patient-ips",
      "interaction" : [{
        "code" : "read"
      },
      {
        "code" : "search-type"
      }]
    },
    {
      "type" : "Encounter",
      "profile" : "http://fhir.nphl.go.ke/StructureDefinition/KenyaEncounter",
      "interaction" : [{
        "code" : "read"
      },
      {
        "code" : "search-type"
      },
      {
        "code" : "create"
      },
      {
        "code" : "update"
      }]
    },
    {
      "type" : "Practitioner",
      "profile" : "http://hl7.org/fhir/StructureDefinition/Practitioner",
      "interaction" : [{
        "code" : "read"
      },
      {
        "code" : "search-type"
      }]
    },
    {
      "type" : "Organization",
      "profile" : "http://fhir.nphl.go.ke/StructureDefinition/KenyaHealthProviderOrganization",
      "interaction" : [{
        "code" : "read"
      },
      {
        "code" : "search-type"
      }]
    }],
    "interaction" : [{
      "code" : "transaction"
    },
    {
      "code" : "batch"
    },
    {
      "code" : "history-system"
    },
    {
      "code" : "search-system"
    }]
  }]
}