{"resourceType":"CodeSystem","id":"LabOrderJustificationsCS","text":{"status":"generated","div":"<div xmlns=\"http://www.w3.org/1999/xhtml\"><p class=\"res-header-id\"><b>Generated Narrative: CodeSystem LabOrderJustificationsCS</b></p><a name=\"LabOrderJustificationsCS\"> </a><a name=\"hcLabOrderJustificationsCS\"> </a><a name=\"LabOrderJustificationsCS-en-US\"> </a><p>This  code system <code>http://fhir.nphl.go.ke/CodeSystem/LabOrderJustificationsCS</code> defines the following codes:</p><table class=\"codes\"><tr><td style=\"white-space:nowrap\"><b>Code</b></td><td><b>Display</b></td></tr><tr><td style=\"white-space:nowrap\">KDSTB.B1<a name=\"LabOrderJustificationsCS-KDSTB.46B1\"> </a></td><td>DSTB-Justification-B1 - Baseline</td></tr><tr><td style=\"white-space:nowrap\">KDSTB.F2<a name=\"LabOrderJustificationsCS-KDSTB.46F2\"> </a></td><td>DSTB-Justification-F2 - Follow-up (2 months)</td></tr><tr><td style=\"white-space:nowrap\">KDSTB.F3<a name=\"LabOrderJustificationsCS-KDSTB.46F3\"> </a></td><td>DSTB-Justification-F3 - Follow-up (3 months)</td></tr><tr><td style=\"white-space:nowrap\">KDSTB.F5<a name=\"LabOrderJustificationsCS-KDSTB.46F5\"> </a></td><td>DSTB-Justification-F5 - Follow-up (5 months)</td></tr><tr><td style=\"white-space:nowrap\">KDSTB.F6<a name=\"LabOrderJustificationsCS-KDSTB.46F6\"> </a></td><td>DSTB-Justification-F6 - Follow-up (6 months)</td></tr><tr><td style=\"white-space:nowrap\">KDRTB.B1<a name=\"LabOrderJustificationsCS-KDRTB.46B1\"> </a></td><td>DRTB-Justification-B1 - Baseline</td></tr><tr><td style=\"white-space:nowrap\">KDRTB.F2<a name=\"LabOrderJustificationsCS-KDRTB.46F2\"> </a></td><td>DRTB-Justification-F2 - Follow-up (2 months)</td></tr><tr><td style=\"white-space:nowrap\">KDRTB.F3<a name=\"LabOrderJustificationsCS-KDRTB.46F3\"> </a></td><td>DRTB-Justification-F3 - Follow-up (3 months)</td></tr><tr><td style=\"white-space:nowrap\">KDRTB.F5<a name=\"LabOrderJustificationsCS-KDRTB.46F5\"> </a></td><td>DRTB-Justification-F5 - Follow-up (5 months)</td></tr><tr><td style=\"white-space:nowrap\">KDRTB.F6<a name=\"LabOrderJustificationsCS-KDRTB.46F6\"> </a></td><td>DRTB-Justification-F6 - Follow-up (6 months)</td></tr><tr><td style=\"white-space:nowrap\">KEID.P1<a name=\"LabOrderJustificationsCS-KEID.46P1\"> </a></td><td>PCR-EID-Justification-P1 - Initial PCR (6week or first contact)</td></tr><tr><td style=\"white-space:nowrap\">KEID.P2<a name=\"LabOrderJustificationsCS-KEID.46P2\"> </a></td><td>PCR-EID-Justification-P2 - 2nd PCR (6 months)</td></tr><tr><td style=\"white-space:nowrap\">KEID.P3<a name=\"LabOrderJustificationsCS-KEID.46P3\"> </a></td><td>PCR-EID-Justification-P3 - 3rd PCR (12months)</td></tr><tr><td style=\"white-space:nowrap\">KEID.B1<a name=\"LabOrderJustificationsCS-KEID.46B1\"> </a></td><td>PCR-EID-Justification-B1 - Confirmatory PCR and Baseline VL</td></tr><tr><td style=\"white-space:nowrap\">KEID.D1<a name=\"LabOrderJustificationsCS-KEID.46D1\"> </a></td><td>PCR-EID-Justification-D1 - Discrepant PCR (tie breaker)</td></tr><tr><td style=\"white-space:nowrap\">KEID.R1<a name=\"LabOrderJustificationsCS-KEID.46R1\"> </a></td><td>PCR-EID-Justification-R1 - Sample redraw (specify PCR sample Code e.g. 6,1 )</td></tr><tr><td style=\"white-space:nowrap\">KVL.B1<a name=\"LabOrderJustificationsCS-KVL.46B1\"> </a></td><td>VL-Justification-B1 - 1ST VL</td></tr><tr><td style=\"white-space:nowrap\">KVL.F1<a name=\"LabOrderJustificationsCS-KVL.46F1\"> </a></td><td>VL-Justification-F1 - Follow up</td></tr><tr><td style=\"white-space:nowrap\">KVL.S1<a name=\"LabOrderJustificationsCS-KVL.46S1\"> </a></td><td>VL-Justification-S1 - Single drug substitution</td></tr><tr><td style=\"white-space:nowrap\">KVL.R1<a name=\"LabOrderJustificationsCS-KVL.46R1\"> </a></td><td>VL-Justification-R1 - Recency</td></tr><tr><td style=\"white-space:nowrap\">KVL.P1<a name=\"LabOrderJustificationsCS-KVL.46P1\"> </a></td><td>VL-Justification-P1 - PMTCT NP</td></tr><tr><td style=\"white-space:nowrap\">KVL.P2<a name=\"LabOrderJustificationsCS-KVL.46P2\"> </a></td><td>VL-Justification-P2 - PMTCT KP</td></tr></table></div>"},"url":"http://fhir.nphl.go.ke/CodeSystem/LabOrderJustificationsCS","version":"0.1.0","name":"LabOrderJustificationsCS","title":"CodeSystem: Laboratory Order Justifications","status":"draft","date":"2024-11-27T16:57:00+03:00","publisher":"DNLS","contact":[{"name":"DNLS","telecom":[{"system":"url","value":"http://nphl.go.ke"}]}],"description":"The reason for ordering a laboratory test.","content":"complete","count":22,"concept":[{"code":"KDSTB.B1","display":"DSTB-Justification-B1 - Baseline"},{"code":"KDSTB.F2","display":"DSTB-Justification-F2 - Follow-up (2 months)"},{"code":"KDSTB.F3","display":"DSTB-Justification-F3 - Follow-up (3 months)"},{"code":"KDSTB.F5","display":"DSTB-Justification-F5 - Follow-up (5 months)"},{"code":"KDSTB.F6","display":"DSTB-Justification-F6 - Follow-up (6 months)"},{"code":"KDRTB.B1","display":"DRTB-Justification-B1 - Baseline"},{"code":"KDRTB.F2","display":"DRTB-Justification-F2 - Follow-up (2 months)"},{"code":"KDRTB.F3","display":"DRTB-Justification-F3 - Follow-up (3 months)"},{"code":"KDRTB.F5","display":"DRTB-Justification-F5 - Follow-up (5 months)"},{"code":"KDRTB.F6","display":"DRTB-Justification-F6 - Follow-up (6 months)"},{"code":"KEID.P1","display":"PCR-EID-Justification-P1 - Initial PCR (6week or first contact)"},{"code":"KEID.P2","display":"PCR-EID-Justification-P2 - 2nd PCR (6 months)"},{"code":"KEID.P3","display":"PCR-EID-Justification-P3 - 3rd PCR (12months)"},{"code":"KEID.B1","display":"PCR-EID-Justification-B1 - Confirmatory PCR and Baseline VL"},{"code":"KEID.D1","display":"PCR-EID-Justification-D1 - Discrepant PCR (tie breaker)"},{"code":"KEID.R1","display":"PCR-EID-Justification-R1 - Sample redraw (specify PCR sample Code e.g. 6,1 )"},{"code":"KVL.B1","display":"VL-Justification-B1 - 1ST VL"},{"code":"KVL.F1","display":"VL-Justification-F1 - Follow up"},{"code":"KVL.S1","display":"VL-Justification-S1 - Single drug substitution"},{"code":"KVL.R1","display":"VL-Justification-R1 - Recency"},{"code":"KVL.P1","display":"VL-Justification-P1 - PMTCT NP"},{"code":"KVL.P2","display":"VL-Justification-P2 - PMTCT KP"}]}