<?xml version="1.0" encoding="UTF-8"?>

<Bundle xmlns="http://hl7.org/fhir">
  <id value="601cb093-b7f1-42c7-8c8a-82a86639ecac"/>
  <meta>
    <lastUpdated value="2024-08-16T14:19:45.576+03:00"/>
  </meta>
  <type value="collection"/>
  <entry>
    <fullUrl value="http://fhir.nphl.go.ke/ValueSet/JustificationForLabOrderVS"/>
    <resource>
      <ValueSet>
        <text>
          <status value="generated"/>
          <div xmlns="http://www.w3.org/1999/xhtml">
            <p class="res-header-id">
              <b>Generated Narrative: ValueSet </b>
            </p>
            <p style="border: black 1px dotted; background-color: #EEEEEE; padding: 8px; margin-bottom: 8px">Expansion based on 
              <a href="CodeSystem-LabOrderJustificationsCS.html">codesystem CodeSystem: Laboratory Order Justifications v0.1.0 (CodeSystem)</a>
            </p>
            <p>This value set contains 22 concepts</p>
            <table class="codes">
              <tr>
                <td style="white-space:nowrap">
                  <b>Code</b>
                </td>
                <td>
                  <b>System</b>
                </td>
                <td>
                  <b>Display</b>
                </td>
              </tr>
              <tr>
                <td style="white-space:nowrap">
                  <a name="null-x-http---fhir.nphl.go.ke-CodeSystem-LabOrderJustificationsCS-KDSTB.B1"> </a>  
                  <a href="CodeSystem-LabOrderJustificationsCS.html#LabOrderJustificationsCS-KDSTB.46B1">KDSTB.B1</a>
                </td>
                <td>http://fhir.nphl.go.ke/CodeSystem/LabOrderJustificationsCS</td>
                <td>DSTB-Justification-B1 - Baseline</td>
              </tr>
              <tr>
                <td style="white-space:nowrap">
                  <a name="null-x-http---fhir.nphl.go.ke-CodeSystem-LabOrderJustificationsCS-KDSTB.F2"> </a>  
                  <a href="CodeSystem-LabOrderJustificationsCS.html#LabOrderJustificationsCS-KDSTB.46F2">KDSTB.F2</a>
                </td>
                <td>http://fhir.nphl.go.ke/CodeSystem/LabOrderJustificationsCS</td>
                <td>DSTB-Justification-F2 - Follow-up (2 months)</td>
              </tr>
              <tr>
                <td style="white-space:nowrap">
                  <a name="null-x-http---fhir.nphl.go.ke-CodeSystem-LabOrderJustificationsCS-KDSTB.F3"> </a>  
                  <a href="CodeSystem-LabOrderJustificationsCS.html#LabOrderJustificationsCS-KDSTB.46F3">KDSTB.F3</a>
                </td>
                <td>http://fhir.nphl.go.ke/CodeSystem/LabOrderJustificationsCS</td>
                <td>DSTB-Justification-F3 - Follow-up (3 months)</td>
              </tr>
              <tr>
                <td style="white-space:nowrap">
                  <a name="null-x-http---fhir.nphl.go.ke-CodeSystem-LabOrderJustificationsCS-KDSTB.F5"> </a>  
                  <a href="CodeSystem-LabOrderJustificationsCS.html#LabOrderJustificationsCS-KDSTB.46F5">KDSTB.F5</a>
                </td>
                <td>http://fhir.nphl.go.ke/CodeSystem/LabOrderJustificationsCS</td>
                <td>DSTB-Justification-F5 - Follow-up (5 months)</td>
              </tr>
              <tr>
                <td style="white-space:nowrap">
                  <a name="null-x-http---fhir.nphl.go.ke-CodeSystem-LabOrderJustificationsCS-KDSTB.F6"> </a>  
                  <a href="CodeSystem-LabOrderJustificationsCS.html#LabOrderJustificationsCS-KDSTB.46F6">KDSTB.F6</a>
                </td>
                <td>http://fhir.nphl.go.ke/CodeSystem/LabOrderJustificationsCS</td>
                <td>DSTB-Justification-F6 - Follow-up (6 months)</td>
              </tr>
              <tr>
                <td style="white-space:nowrap">
                  <a name="null-x-http---fhir.nphl.go.ke-CodeSystem-LabOrderJustificationsCS-KDRTB.B1"> </a>  
                  <a href="CodeSystem-LabOrderJustificationsCS.html#LabOrderJustificationsCS-KDRTB.46B1">KDRTB.B1</a>
                </td>
                <td>http://fhir.nphl.go.ke/CodeSystem/LabOrderJustificationsCS</td>
                <td>DRTB-Justification-B1 - Baseline</td>
              </tr>
              <tr>
                <td style="white-space:nowrap">
                  <a name="null-x-http---fhir.nphl.go.ke-CodeSystem-LabOrderJustificationsCS-KDRTB.F2"> </a>  
                  <a href="CodeSystem-LabOrderJustificationsCS.html#LabOrderJustificationsCS-KDRTB.46F2">KDRTB.F2</a>
                </td>
                <td>http://fhir.nphl.go.ke/CodeSystem/LabOrderJustificationsCS</td>
                <td>DRTB-Justification-F2 - Follow-up (2 months)</td>
              </tr>
              <tr>
                <td style="white-space:nowrap">
                  <a name="null-x-http---fhir.nphl.go.ke-CodeSystem-LabOrderJustificationsCS-KDRTB.F3"> </a>  
                  <a href="CodeSystem-LabOrderJustificationsCS.html#LabOrderJustificationsCS-KDRTB.46F3">KDRTB.F3</a>
                </td>
                <td>http://fhir.nphl.go.ke/CodeSystem/LabOrderJustificationsCS</td>
                <td>DRTB-Justification-F3 - Follow-up (3 months)</td>
              </tr>
              <tr>
                <td style="white-space:nowrap">
                  <a name="null-x-http---fhir.nphl.go.ke-CodeSystem-LabOrderJustificationsCS-KDRTB.F5"> </a>  
                  <a href="CodeSystem-LabOrderJustificationsCS.html#LabOrderJustificationsCS-KDRTB.46F5">KDRTB.F5</a>
                </td>
                <td>http://fhir.nphl.go.ke/CodeSystem/LabOrderJustificationsCS</td>
                <td>DRTB-Justification-F5 - Follow-up (5 months)</td>
              </tr>
              <tr>
                <td style="white-space:nowrap">
                  <a name="null-x-http---fhir.nphl.go.ke-CodeSystem-LabOrderJustificationsCS-KDRTB.F6"> </a>  
                  <a href="CodeSystem-LabOrderJustificationsCS.html#LabOrderJustificationsCS-KDRTB.46F6">KDRTB.F6</a>
                </td>
                <td>http://fhir.nphl.go.ke/CodeSystem/LabOrderJustificationsCS</td>
                <td>DRTB-Justification-F6 - Follow-up (6 months)</td>
              </tr>
              <tr>
                <td style="white-space:nowrap">
                  <a name="null-x-http---fhir.nphl.go.ke-CodeSystem-LabOrderJustificationsCS-KEID.P1"> </a>  
                  <a href="CodeSystem-LabOrderJustificationsCS.html#LabOrderJustificationsCS-KEID.46P1">KEID.P1</a>
                </td>
                <td>http://fhir.nphl.go.ke/CodeSystem/LabOrderJustificationsCS</td>
                <td>PCR-EID-Justification-P1 - Initial PCR (6week or first contact)</td>
              </tr>
              <tr>
                <td style="white-space:nowrap">
                  <a name="null-x-http---fhir.nphl.go.ke-CodeSystem-LabOrderJustificationsCS-KEID.P2"> </a>  
                  <a href="CodeSystem-LabOrderJustificationsCS.html#LabOrderJustificationsCS-KEID.46P2">KEID.P2</a>
                </td>
                <td>http://fhir.nphl.go.ke/CodeSystem/LabOrderJustificationsCS</td>
                <td>PCR-EID-Justification-P2 - 2nd PCR (6 months)</td>
              </tr>
              <tr>
                <td style="white-space:nowrap">
                  <a name="null-x-http---fhir.nphl.go.ke-CodeSystem-LabOrderJustificationsCS-KEID.P3"> </a>  
                  <a href="CodeSystem-LabOrderJustificationsCS.html#LabOrderJustificationsCS-KEID.46P3">KEID.P3</a>
                </td>
                <td>http://fhir.nphl.go.ke/CodeSystem/LabOrderJustificationsCS</td>
                <td>PCR-EID-Justification-P3 - 3rd PCR (12months)</td>
              </tr>
              <tr>
                <td style="white-space:nowrap">
                  <a name="null-x-http---fhir.nphl.go.ke-CodeSystem-LabOrderJustificationsCS-KEID.B1"> </a>  
                  <a href="CodeSystem-LabOrderJustificationsCS.html#LabOrderJustificationsCS-KEID.46B1">KEID.B1</a>
                </td>
                <td>http://fhir.nphl.go.ke/CodeSystem/LabOrderJustificationsCS</td>
                <td>PCR-EID-Justification-B1 - Confirmatory PCR and Baseline VL</td>
              </tr>
              <tr>
                <td style="white-space:nowrap">
                  <a name="null-x-http---fhir.nphl.go.ke-CodeSystem-LabOrderJustificationsCS-KEID.D1"> </a>  
                  <a href="CodeSystem-LabOrderJustificationsCS.html#LabOrderJustificationsCS-KEID.46D1">KEID.D1</a>
                </td>
                <td>http://fhir.nphl.go.ke/CodeSystem/LabOrderJustificationsCS</td>
                <td>PCR-EID-Justification-D1 - Discrepant PCR (tie breaker)</td>
              </tr>
              <tr>
                <td style="white-space:nowrap">
                  <a name="null-x-http---fhir.nphl.go.ke-CodeSystem-LabOrderJustificationsCS-KEID.R1"> </a>  
                  <a href="CodeSystem-LabOrderJustificationsCS.html#LabOrderJustificationsCS-KEID.46R1">KEID.R1</a>
                </td>
                <td>http://fhir.nphl.go.ke/CodeSystem/LabOrderJustificationsCS</td>
                <td>PCR-EID-Justification-R1 - Sample redraw (specify PCR sample Code e.g. 6,1 )</td>
              </tr>
              <tr>
                <td style="white-space:nowrap">
                  <a name="null-x-http---fhir.nphl.go.ke-CodeSystem-LabOrderJustificationsCS-KVL.B1"> </a>  
                  <a href="CodeSystem-LabOrderJustificationsCS.html#LabOrderJustificationsCS-KVL.46B1">KVL.B1</a>
                </td>
                <td>http://fhir.nphl.go.ke/CodeSystem/LabOrderJustificationsCS</td>
                <td>VL-Justification-B1 - 1st VL</td>
              </tr>
              <tr>
                <td style="white-space:nowrap">
                  <a name="null-x-http---fhir.nphl.go.ke-CodeSystem-LabOrderJustificationsCS-KVL.F1"> </a>  
                  <a href="CodeSystem-LabOrderJustificationsCS.html#LabOrderJustificationsCS-KVL.46F1">KVL.F1</a>
                </td>
                <td>http://fhir.nphl.go.ke/CodeSystem/LabOrderJustificationsCS</td>
                <td>VL-Justification-F1 - Follow up</td>
              </tr>
              <tr>
                <td style="white-space:nowrap">
                  <a name="null-x-http---fhir.nphl.go.ke-CodeSystem-LabOrderJustificationsCS-KVL.S1"> </a>  
                  <a href="CodeSystem-LabOrderJustificationsCS.html#LabOrderJustificationsCS-KVL.46S1">KVL.S1</a>
                </td>
                <td>http://fhir.nphl.go.ke/CodeSystem/LabOrderJustificationsCS</td>
                <td>VL-Justification-S1 - Single drug substitution</td>
              </tr>
              <tr>
                <td style="white-space:nowrap">
                  <a name="null-x-http---fhir.nphl.go.ke-CodeSystem-LabOrderJustificationsCS-KVL.R1"> </a>  
                  <a href="CodeSystem-LabOrderJustificationsCS.html#LabOrderJustificationsCS-KVL.46R1">KVL.R1</a>
                </td>
                <td>http://fhir.nphl.go.ke/CodeSystem/LabOrderJustificationsCS</td>
                <td>VL-Justification-R1 - Recency</td>
              </tr>
              <tr>
                <td style="white-space:nowrap">
                  <a name="null-x-http---fhir.nphl.go.ke-CodeSystem-LabOrderJustificationsCS-KVL.P1"> </a>  
                  <a href="CodeSystem-LabOrderJustificationsCS.html#LabOrderJustificationsCS-KVL.46P1">KVL.P1</a>
                </td>
                <td>http://fhir.nphl.go.ke/CodeSystem/LabOrderJustificationsCS</td>
                <td>VL-Justification-P1 - PMTCT NP</td>
              </tr>
              <tr>
                <td style="white-space:nowrap">
                  <a name="null-x-http---fhir.nphl.go.ke-CodeSystem-LabOrderJustificationsCS-KVL.P2"> </a>  
                  <a href="CodeSystem-LabOrderJustificationsCS.html#LabOrderJustificationsCS-KVL.46P2">KVL.P2</a>
                </td>
                <td>http://fhir.nphl.go.ke/CodeSystem/LabOrderJustificationsCS</td>
                <td>VL-Justification-P2 - PMTCT KP</td>
              </tr>
            </table>
          </div>
        </text>
        <url value="http://fhir.nphl.go.ke/ValueSet/JustificationForLabOrderVS"/>
        <version value="0.1.0"/>
        <name value="JustificationsForLabOrdersVS"/>
        <title value="ValueSet: Justification options for Lab Orders"/>
        <status value="draft"/>
        <experimental value="false"/>
        <date value="2024-08-16T14:19:45+03:00"/>
        <expansion>
          <identifier value="urn:uuid:707a1f3b-fdd5-4a20-bf85-3b4d3ec9d6b7"/>
          <timestamp value="2024-08-16T14:20:32+03:00"/>
          <total value="22"/>
          <offset value="0"/>
          <parameter>
            <name value="count"/>
            <valueInteger value="1000"/>
          </parameter>
          <parameter>
            <name value="offset"/>
            <valueInteger value="0"/>
          </parameter>
          <parameter>
            <name value="excludeNested"/>
            <valueBoolean value="false"/>
          </parameter>
          <parameter>
            <name value="used-codesystem"/>
            <valueUri value="http://fhir.nphl.go.ke/CodeSystem/LabOrderJustificationsCS|0.1.0"/>
          </parameter>
          <contains>
            <system value="http://fhir.nphl.go.ke/CodeSystem/LabOrderJustificationsCS"/>
            <code value="KDSTB.B1"/>
            <display value="DSTB-Justification-B1 - Baseline"/>
          </contains>
          <contains>
            <system value="http://fhir.nphl.go.ke/CodeSystem/LabOrderJustificationsCS"/>
            <code value="KDSTB.F2"/>
            <display value="DSTB-Justification-F2 - Follow-up (2 months)"/>
          </contains>
          <contains>
            <system value="http://fhir.nphl.go.ke/CodeSystem/LabOrderJustificationsCS"/>
            <code value="KDSTB.F3"/>
            <display value="DSTB-Justification-F3 - Follow-up (3 months)"/>
          </contains>
          <contains>
            <system value="http://fhir.nphl.go.ke/CodeSystem/LabOrderJustificationsCS"/>
            <code value="KDSTB.F5"/>
            <display value="DSTB-Justification-F5 - Follow-up (5 months)"/>
          </contains>
          <contains>
            <system value="http://fhir.nphl.go.ke/CodeSystem/LabOrderJustificationsCS"/>
            <code value="KDSTB.F6"/>
            <display value="DSTB-Justification-F6 - Follow-up (6 months)"/>
          </contains>
          <contains>
            <system value="http://fhir.nphl.go.ke/CodeSystem/LabOrderJustificationsCS"/>
            <code value="KDRTB.B1"/>
            <display value="DRTB-Justification-B1 - Baseline"/>
          </contains>
          <contains>
            <system value="http://fhir.nphl.go.ke/CodeSystem/LabOrderJustificationsCS"/>
            <code value="KDRTB.F2"/>
            <display value="DRTB-Justification-F2 - Follow-up (2 months)"/>
          </contains>
          <contains>
            <system value="http://fhir.nphl.go.ke/CodeSystem/LabOrderJustificationsCS"/>
            <code value="KDRTB.F3"/>
            <display value="DRTB-Justification-F3 - Follow-up (3 months)"/>
          </contains>
          <contains>
            <system value="http://fhir.nphl.go.ke/CodeSystem/LabOrderJustificationsCS"/>
            <code value="KDRTB.F5"/>
            <display value="DRTB-Justification-F5 - Follow-up (5 months)"/>
          </contains>
          <contains>
            <system value="http://fhir.nphl.go.ke/CodeSystem/LabOrderJustificationsCS"/>
            <code value="KDRTB.F6"/>
            <display value="DRTB-Justification-F6 - Follow-up (6 months)"/>
          </contains>
          <contains>
            <system value="http://fhir.nphl.go.ke/CodeSystem/LabOrderJustificationsCS"/>
            <code value="KEID.P1"/>
            <display value="PCR-EID-Justification-P1 - Initial PCR (6week or first contact)"/>
          </contains>
          <contains>
            <system value="http://fhir.nphl.go.ke/CodeSystem/LabOrderJustificationsCS"/>
            <code value="KEID.P2"/>
            <display value="PCR-EID-Justification-P2 - 2nd PCR (6 months)"/>
          </contains>
          <contains>
            <system value="http://fhir.nphl.go.ke/CodeSystem/LabOrderJustificationsCS"/>
            <code value="KEID.P3"/>
            <display value="PCR-EID-Justification-P3 - 3rd PCR (12months)"/>
          </contains>
          <contains>
            <system value="http://fhir.nphl.go.ke/CodeSystem/LabOrderJustificationsCS"/>
            <code value="KEID.B1"/>
            <display value="PCR-EID-Justification-B1 - Confirmatory PCR and Baseline VL"/>
          </contains>
          <contains>
            <system value="http://fhir.nphl.go.ke/CodeSystem/LabOrderJustificationsCS"/>
            <code value="KEID.D1"/>
            <display value="PCR-EID-Justification-D1 - Discrepant PCR (tie breaker)"/>
          </contains>
          <contains>
            <system value="http://fhir.nphl.go.ke/CodeSystem/LabOrderJustificationsCS"/>
            <code value="KEID.R1"/>
            <display value="PCR-EID-Justification-R1 - Sample redraw (specify PCR sample Code e.g. 6,1 )"/>
          </contains>
          <contains>
            <system value="http://fhir.nphl.go.ke/CodeSystem/LabOrderJustificationsCS"/>
            <code value="KVL.B1"/>
            <display value="VL-Justification-B1 - 1st VL"/>
          </contains>
          <contains>
            <system value="http://fhir.nphl.go.ke/CodeSystem/LabOrderJustificationsCS"/>
            <code value="KVL.F1"/>
            <display value="VL-Justification-F1 - Follow up"/>
          </contains>
          <contains>
            <system value="http://fhir.nphl.go.ke/CodeSystem/LabOrderJustificationsCS"/>
            <code value="KVL.S1"/>
            <display value="VL-Justification-S1 - Single drug substitution"/>
          </contains>
          <contains>
            <system value="http://fhir.nphl.go.ke/CodeSystem/LabOrderJustificationsCS"/>
            <code value="KVL.R1"/>
            <display value="VL-Justification-R1 - Recency"/>
          </contains>
          <contains>
            <system value="http://fhir.nphl.go.ke/CodeSystem/LabOrderJustificationsCS"/>
            <code value="KVL.P1"/>
            <display value="VL-Justification-P1 - PMTCT NP"/>
          </contains>
          <contains>
            <system value="http://fhir.nphl.go.ke/CodeSystem/LabOrderJustificationsCS"/>
            <code value="KVL.P2"/>
            <display value="VL-Justification-P2 - PMTCT KP"/>
          </contains>
        </expansion>
      </ValueSet>
    </resource>
  </entry>
  <entry>
    <fullUrl value="http://fhir.nphl.go.ke/ValueSet/RejectionReasonsForLabOrderVS"/>
    <resource>
      <ValueSet>
        <text>
          <status value="generated"/>
          <div xmlns="http://www.w3.org/1999/xhtml">
            <p class="res-header-id">
              <b>Generated Narrative: ValueSet </b>
            </p>
            <p style="border: black 1px dotted; background-color: #EEEEEE; padding: 8px; margin-bottom: 8px">Expansion based on 
              <a href="CodeSystem-LabOrderRejectionReasonsCS.html">codesystem CodeSystem: Laboratory Order Rejection Reasons v0.1.0 (CodeSystem)</a>
            </p>
            <p>This value set contains 33 concepts</p>
            <table class="codes">
              <tr>
                <td style="white-space:nowrap">
                  <b>Code</b>
                </td>
                <td>
                  <b>System</b>
                </td>
                <td>
                  <b>Display</b>
                </td>
              </tr>
              <tr>
                <td style="white-space:nowrap">
                  <a name="null-x-http---fhir.nphl.go.ke-CodeSystem-LabOrderRejectionReasonsCS-KEID.RC1"> </a>  
                  <a href="CodeSystem-LabOrderRejectionReasonsCS.html#LabOrderRejectionReasonsCS-KEID.46RC1">KEID.RC1</a>
                </td>
                <td>http://fhir.nphl.go.ke/CodeSystem/LabOrderRejectionReasonsCS</td>
                <td>EID-Rejection-RC1 - Unlabeled DBS</td>
              </tr>
              <tr>
                <td style="white-space:nowrap">
                  <a name="null-x-http---fhir.nphl.go.ke-CodeSystem-LabOrderRejectionReasonsCS-KEID.RC2"> </a>  
                  <a href="CodeSystem-LabOrderRejectionReasonsCS.html#LabOrderRejectionReasonsCS-KEID.46RC2">KEID.RC2</a>
                </td>
                <td>http://fhir.nphl.go.ke/CodeSystem/LabOrderRejectionReasonsCS</td>
                <td>EID-Rejection-RC2 - Over saturation</td>
              </tr>
              <tr>
                <td style="white-space:nowrap">
                  <a name="null-x-http---fhir.nphl.go.ke-CodeSystem-LabOrderRejectionReasonsCS-KEID.RC3"> </a>  
                  <a href="CodeSystem-LabOrderRejectionReasonsCS.html#LabOrderRejectionReasonsCS-KEID.46RC3">KEID.RC3</a>
                </td>
                <td>http://fhir.nphl.go.ke/CodeSystem/LabOrderRejectionReasonsCS</td>
                <td>EID-Rejection-RC3 - Insufficient blood</td>
              </tr>
              <tr>
                <td style="white-space:nowrap">
                  <a name="null-x-http---fhir.nphl.go.ke-CodeSystem-LabOrderRejectionReasonsCS-KEID.RC4"> </a>  
                  <a href="CodeSystem-LabOrderRejectionReasonsCS.html#LabOrderRejectionReasonsCS-KEID.46RC4">KEID.RC4</a>
                </td>
                <td>http://fhir.nphl.go.ke/CodeSystem/LabOrderRejectionReasonsCS</td>
                <td>EID-Rejection-RC4 - Scratched spots</td>
              </tr>
              <tr>
                <td style="white-space:nowrap">
                  <a name="null-x-http---fhir.nphl.go.ke-CodeSystem-LabOrderRejectionReasonsCS-KEID.RC5"> </a>  
                  <a href="CodeSystem-LabOrderRejectionReasonsCS.html#LabOrderRejectionReasonsCS-KEID.46RC5">KEID.RC5</a>
                </td>
                <td>http://fhir.nphl.go.ke/CodeSystem/LabOrderRejectionReasonsCS</td>
                <td>EID-Rejection-RC5 - Scattered spots</td>
              </tr>
              <tr>
                <td style="white-space:nowrap">
                  <a name="null-x-http---fhir.nphl.go.ke-CodeSystem-LabOrderRejectionReasonsCS-KEID.RC6"> </a>  
                  <a href="CodeSystem-LabOrderRejectionReasonsCS.html#LabOrderRejectionReasonsCS-KEID.46RC6">KEID.RC6</a>
                </td>
                <td>http://fhir.nphl.go.ke/CodeSystem/LabOrderRejectionReasonsCS</td>
                <td>EID-Rejection-RC6 - Two layered spot</td>
              </tr>
              <tr>
                <td style="white-space:nowrap">
                  <a name="null-x-http---fhir.nphl.go.ke-CodeSystem-LabOrderRejectionReasonsCS-KEID.RC7"> </a>  
                  <a href="CodeSystem-LabOrderRejectionReasonsCS.html#LabOrderRejectionReasonsCS-KEID.46RC7">KEID.RC7</a>
                </td>
                <td>http://fhir.nphl.go.ke/CodeSystem/LabOrderRejectionReasonsCS</td>
                <td>EID-Rejection-RC7 - Sample not due</td>
              </tr>
              <tr>
                <td style="white-space:nowrap">
                  <a name="null-x-http---fhir.nphl.go.ke-CodeSystem-LabOrderRejectionReasonsCS-KEID.RC8"> </a>  
                  <a href="CodeSystem-LabOrderRejectionReasonsCS.html#LabOrderRejectionReasonsCS-KEID.46RC8">KEID.RC8</a>
                </td>
                <td>http://fhir.nphl.go.ke/CodeSystem/LabOrderRejectionReasonsCS</td>
                <td>EID-Rejection-RC8 - Samples packed together</td>
              </tr>
              <tr>
                <td style="white-space:nowrap">
                  <a name="null-x-http---fhir.nphl.go.ke-CodeSystem-LabOrderRejectionReasonsCS-KEID.RC9"> </a>  
                  <a href="CodeSystem-LabOrderRejectionReasonsCS.html#LabOrderRejectionReasonsCS-KEID.46RC9">KEID.RC9</a>
                </td>
                <td>http://fhir.nphl.go.ke/CodeSystem/LabOrderRejectionReasonsCS</td>
                <td>EID-Rejection-RC9 - Clotted blood</td>
              </tr>
              <tr>
                <td style="white-space:nowrap">
                  <a name="null-x-http---fhir.nphl.go.ke-CodeSystem-LabOrderRejectionReasonsCS-KEID.RC10"> </a>  
                  <a href="CodeSystem-LabOrderRejectionReasonsCS.html#LabOrderRejectionReasonsCS-KEID.46RC10">KEID.RC10</a>
                </td>
                <td>http://fhir.nphl.go.ke/CodeSystem/LabOrderRejectionReasonsCS</td>
                <td>EID-Rejection-RC10 - Improper drying</td>
              </tr>
              <tr>
                <td style="white-space:nowrap">
                  <a name="null-x-http---fhir.nphl.go.ke-CodeSystem-LabOrderRejectionReasonsCS-KEID.RC11"> </a>  
                  <a href="CodeSystem-LabOrderRejectionReasonsCS.html#LabOrderRejectionReasonsCS-KEID.46RC11">KEID.RC11</a>
                </td>
                <td>http://fhir.nphl.go.ke/CodeSystem/LabOrderRejectionReasonsCS</td>
                <td>EID-Rejection-RC11 - Serum rings –water, alcohol</td>
              </tr>
              <tr>
                <td style="white-space:nowrap">
                  <a name="null-x-http---fhir.nphl.go.ke-CodeSystem-LabOrderRejectionReasonsCS-KEID.RC12"> </a>  
                  <a href="CodeSystem-LabOrderRejectionReasonsCS.html#LabOrderRejectionReasonsCS-KEID.46RC12">KEID.RC12</a>
                </td>
                <td>http://fhir.nphl.go.ke/CodeSystem/LabOrderRejectionReasonsCS</td>
                <td>EID-Rejection-RC12 - Collected on expired DBS card</td>
              </tr>
              <tr>
                <td style="white-space:nowrap">
                  <a name="null-x-http---fhir.nphl.go.ke-CodeSystem-LabOrderRejectionReasonsCS-KEID.RC13"> </a>  
                  <a href="CodeSystem-LabOrderRejectionReasonsCS.html#LabOrderRejectionReasonsCS-KEID.46RC13">KEID.RC13</a>
                </td>
                <td>http://fhir.nphl.go.ke/CodeSystem/LabOrderRejectionReasonsCS</td>
                <td>EID-Rejection-RC13 - Overstayed specimen ( &gt;2wks )</td>
              </tr>
              <tr>
                <td style="white-space:nowrap">
                  <a name="null-x-http---fhir.nphl.go.ke-CodeSystem-LabOrderRejectionReasonsCS-KEID.RC14"> </a>  
                  <a href="CodeSystem-LabOrderRejectionReasonsCS.html#LabOrderRejectionReasonsCS-KEID.46RC14">KEID.RC14</a>
                </td>
                <td>http://fhir.nphl.go.ke/CodeSystem/LabOrderRejectionReasonsCS</td>
                <td>EID-Rejection-RC14 - Above 2years</td>
              </tr>
              <tr>
                <td style="white-space:nowrap">
                  <a name="null-x-http---fhir.nphl.go.ke-CodeSystem-LabOrderRejectionReasonsCS-KEID.RC15"> </a>  
                  <a href="CodeSystem-LabOrderRejectionReasonsCS.html#LabOrderRejectionReasonsCS-KEID.46RC15">KEID.RC15</a>
                </td>
                <td>http://fhir.nphl.go.ke/CodeSystem/LabOrderRejectionReasonsCS</td>
                <td>EID-Rejection-RC15 - Sample &amp; requisition mismatch</td>
              </tr>
              <tr>
                <td style="white-space:nowrap">
                  <a name="null-x-http---fhir.nphl.go.ke-CodeSystem-LabOrderRejectionReasonsCS-KVL.RC1"> </a>  
                  <a href="CodeSystem-LabOrderRejectionReasonsCS.html#LabOrderRejectionReasonsCS-KVL.46RC1">KVL.RC1</a>
                </td>
                <td>http://fhir.nphl.go.ke/CodeSystem/LabOrderRejectionReasonsCS</td>
                <td>VL-Rejection-RC1 - Missing Sample</td>
              </tr>
              <tr>
                <td style="white-space:nowrap">
                  <a name="null-x-http---fhir.nphl.go.ke-CodeSystem-LabOrderRejectionReasonsCS-KVL.RC2"> </a>  
                  <a href="CodeSystem-LabOrderRejectionReasonsCS.html#LabOrderRejectionReasonsCS-KVL.46RC2">KVL.RC2</a>
                </td>
                <td>http://fhir.nphl.go.ke/CodeSystem/LabOrderRejectionReasonsCS</td>
                <td>VL-Rejection-RC2 - Hemolysed sample</td>
              </tr>
              <tr>
                <td style="white-space:nowrap">
                  <a name="null-x-http---fhir.nphl.go.ke-CodeSystem-LabOrderRejectionReasonsCS-KVL.RC3"> </a>  
                  <a href="CodeSystem-LabOrderRejectionReasonsCS.html#LabOrderRejectionReasonsCS-KVL.46RC3">KVL.RC3</a>
                </td>
                <td>http://fhir.nphl.go.ke/CodeSystem/LabOrderRejectionReasonsCS</td>
                <td>VL-Rejection-RC3 - Missing patient</td>
              </tr>
              <tr>
                <td style="white-space:nowrap">
                  <a name="null-x-http---fhir.nphl.go.ke-CodeSystem-LabOrderRejectionReasonsCS-KVL.RC4"> </a>  
                  <a href="CodeSystem-LabOrderRejectionReasonsCS.html#LabOrderRejectionReasonsCS-KVL.46RC4">KVL.RC4</a>
                </td>
                <td>http://fhir.nphl.go.ke/CodeSystem/LabOrderRejectionReasonsCS</td>
                <td>VL-Rejection-RC4 - Sample request form &amp; sample mismatch</td>
              </tr>
              <tr>
                <td style="white-space:nowrap">
                  <a name="null-x-http---fhir.nphl.go.ke-CodeSystem-LabOrderRejectionReasonsCS-KVL.RC5"> </a>  
                  <a href="CodeSystem-LabOrderRejectionReasonsCS.html#LabOrderRejectionReasonsCS-KVL.46RC5">KVL.RC5</a>
                </td>
                <td>http://fhir.nphl.go.ke/CodeSystem/LabOrderRejectionReasonsCS</td>
                <td>VL-Rejection-RC5 - Sample not under cold chain</td>
              </tr>
              <tr>
                <td style="white-space:nowrap">
                  <a name="null-x-http---fhir.nphl.go.ke-CodeSystem-LabOrderRejectionReasonsCS-KVL.RC6"> </a>  
                  <a href="CodeSystem-LabOrderRejectionReasonsCS.html#LabOrderRejectionReasonsCS-KVL.46RC6">KVL.RC6</a>
                </td>
                <td>http://fhir.nphl.go.ke/CodeSystem/LabOrderRejectionReasonsCS</td>
                <td>VL-Rejection-RC6 - Expired PPT tubes</td>
              </tr>
              <tr>
                <td style="white-space:nowrap">
                  <a name="null-x-http---fhir.nphl.go.ke-CodeSystem-LabOrderRejectionReasonsCS-KVL.RC7"> </a>  
                  <a href="CodeSystem-LabOrderRejectionReasonsCS.html#LabOrderRejectionReasonsCS-KVL.46RC7">KVL.RC7</a>
                </td>
                <td>http://fhir.nphl.go.ke/CodeSystem/LabOrderRejectionReasonsCS</td>
                <td>VL-Rejection-RC7 - No request form</td>
              </tr>
              <tr>
                <td style="white-space:nowrap">
                  <a name="null-x-http---fhir.nphl.go.ke-CodeSystem-LabOrderRejectionReasonsCS-KVL.RC8"> </a>  
                  <a href="CodeSystem-LabOrderRejectionReasonsCS.html#LabOrderRejectionReasonsCS-KVL.46RC8">KVL.RC8</a>
                </td>
                <td>http://fhir.nphl.go.ke/CodeSystem/LabOrderRejectionReasonsCS</td>
                <td>VL-Rejection-RC8 - Improper packaging</td>
              </tr>
              <tr>
                <td style="white-space:nowrap">
                  <a name="null-x-http---fhir.nphl.go.ke-CodeSystem-LabOrderRejectionReasonsCS-KVL.RC9"> </a>  
                  <a href="CodeSystem-LabOrderRejectionReasonsCS.html#LabOrderRejectionReasonsCS-KVL.46RC9">KVL.RC9</a>
                </td>
                <td>http://fhir.nphl.go.ke/CodeSystem/LabOrderRejectionReasonsCS</td>
                <td>VL-Rejection-RC9 - Insufficient volume</td>
              </tr>
              <tr>
                <td style="white-space:nowrap">
                  <a name="null-x-http---fhir.nphl.go.ke-CodeSystem-LabOrderRejectionReasonsCS-KTB.RC1"> </a>  
                  <a href="CodeSystem-LabOrderRejectionReasonsCS.html#LabOrderRejectionReasonsCS-KTB.46RC1">KTB.RC1</a>
                </td>
                <td>http://fhir.nphl.go.ke/CodeSystem/LabOrderRejectionReasonsCS</td>
                <td>TB-Rejection-RC1 - Leaking</td>
              </tr>
              <tr>
                <td style="white-space:nowrap">
                  <a name="null-x-http---fhir.nphl.go.ke-CodeSystem-LabOrderRejectionReasonsCS-KTB.RC2"> </a>  
                  <a href="CodeSystem-LabOrderRejectionReasonsCS.html#LabOrderRejectionReasonsCS-KTB.46RC2">KTB.RC2</a>
                </td>
                <td>http://fhir.nphl.go.ke/CodeSystem/LabOrderRejectionReasonsCS</td>
                <td>TB-Rejection-RC2 - Request form without samples</td>
              </tr>
              <tr>
                <td style="white-space:nowrap">
                  <a name="null-x-http---fhir.nphl.go.ke-CodeSystem-LabOrderRejectionReasonsCS-KTB.RC3"> </a>  
                  <a href="CodeSystem-LabOrderRejectionReasonsCS.html#LabOrderRejectionReasonsCS-KTB.46RC3">KTB.RC3</a>
                </td>
                <td>http://fhir.nphl.go.ke/CodeSystem/LabOrderRejectionReasonsCS</td>
                <td>TB-Rejection-RC3 - Mismatch Information on requset from and specimen container</td>
              </tr>
              <tr>
                <td style="white-space:nowrap">
                  <a name="null-x-http---fhir.nphl.go.ke-CodeSystem-LabOrderRejectionReasonsCS-KTB.RC4"> </a>  
                  <a href="CodeSystem-LabOrderRejectionReasonsCS.html#LabOrderRejectionReasonsCS-KTB.46RC4">KTB.RC4</a>
                </td>
                <td>http://fhir.nphl.go.ke/CodeSystem/LabOrderRejectionReasonsCS</td>
                <td>TB-Rejection-RC4 - No label</td>
              </tr>
              <tr>
                <td style="white-space:nowrap">
                  <a name="null-x-http---fhir.nphl.go.ke-CodeSystem-LabOrderRejectionReasonsCS-KTB.RC5"> </a>  
                  <a href="CodeSystem-LabOrderRejectionReasonsCS.html#LabOrderRejectionReasonsCS-KTB.46RC5">KTB.RC5</a>
                </td>
                <td>http://fhir.nphl.go.ke/CodeSystem/LabOrderRejectionReasonsCS</td>
                <td>TB-Rejection-RC5 - No sample in the container</td>
              </tr>
              <tr>
                <td style="white-space:nowrap">
                  <a name="null-x-http---fhir.nphl.go.ke-CodeSystem-LabOrderRejectionReasonsCS-KTB.RC6"> </a>  
                  <a href="CodeSystem-LabOrderRejectionReasonsCS.html#LabOrderRejectionReasonsCS-KTB.46RC6">KTB.RC6</a>
                </td>
                <td>http://fhir.nphl.go.ke/CodeSystem/LabOrderRejectionReasonsCS</td>
                <td>TB-Rejection-RC6 - No requset form</td>
              </tr>
              <tr>
                <td style="white-space:nowrap">
                  <a name="null-x-http---fhir.nphl.go.ke-CodeSystem-LabOrderRejectionReasonsCS-KTB.RC7"> </a>  
                  <a href="CodeSystem-LabOrderRejectionReasonsCS.html#LabOrderRejectionReasonsCS-KTB.46RC7">KTB.RC7</a>
                </td>
                <td>http://fhir.nphl.go.ke/CodeSystem/LabOrderRejectionReasonsCS</td>
                <td>TB-Rejection-RC7 - Missing information required</td>
              </tr>
              <tr>
                <td style="white-space:nowrap">
                  <a name="null-x-http---fhir.nphl.go.ke-CodeSystem-LabOrderRejectionReasonsCS-KTB.RC8"> </a>  
                  <a href="CodeSystem-LabOrderRejectionReasonsCS.html#LabOrderRejectionReasonsCS-KTB.46RC8">KTB.RC8</a>
                </td>
                <td>http://fhir.nphl.go.ke/CodeSystem/LabOrderRejectionReasonsCS</td>
                <td>TB-Rejection-RC8 - Sample in the wrong container</td>
              </tr>
              <tr>
                <td style="white-space:nowrap">
                  <a name="null-x-http---fhir.nphl.go.ke-CodeSystem-LabOrderRejectionReasonsCS-KTB.RC9"> </a>  
                  <a href="CodeSystem-LabOrderRejectionReasonsCS.html#LabOrderRejectionReasonsCS-KTB.46RC9">KTB.RC9</a>
                </td>
                <td>http://fhir.nphl.go.ke/CodeSystem/LabOrderRejectionReasonsCS</td>
                <td>TB-Rejection-RC9 - Delay between sample collection and reception at NTRL</td>
              </tr>
            </table>
          </div>
        </text>
        <url value="http://fhir.nphl.go.ke/ValueSet/RejectionReasonsForLabOrderVS"/>
        <version value="0.1.0"/>
        <name value="RejectionReasonsForLabOrdersVS"/>
        <title value="ValueSet: Rejection reasons for Lab Orders"/>
        <status value="draft"/>
        <experimental value="false"/>
        <date value="2024-08-16T14:19:45+03:00"/>
        <expansion>
          <identifier value="urn:uuid:482fbaf5-7ad9-4da4-860f-9f67287f9942"/>
          <timestamp value="2024-08-16T14:20:32+03:00"/>
          <total value="33"/>
          <offset value="0"/>
          <parameter>
            <name value="count"/>
            <valueInteger value="1000"/>
          </parameter>
          <parameter>
            <name value="offset"/>
            <valueInteger value="0"/>
          </parameter>
          <parameter>
            <name value="excludeNested"/>
            <valueBoolean value="false"/>
          </parameter>
          <parameter>
            <name value="used-codesystem"/>
            <valueUri value="http://fhir.nphl.go.ke/CodeSystem/LabOrderRejectionReasonsCS|0.1.0"/>
          </parameter>
          <contains>
            <system value="http://fhir.nphl.go.ke/CodeSystem/LabOrderRejectionReasonsCS"/>
            <code value="KEID.RC1"/>
            <display value="EID-Rejection-RC1 - Unlabeled DBS"/>
          </contains>
          <contains>
            <system value="http://fhir.nphl.go.ke/CodeSystem/LabOrderRejectionReasonsCS"/>
            <code value="KEID.RC2"/>
            <display value="EID-Rejection-RC2 - Over saturation"/>
          </contains>
          <contains>
            <system value="http://fhir.nphl.go.ke/CodeSystem/LabOrderRejectionReasonsCS"/>
            <code value="KEID.RC3"/>
            <display value="EID-Rejection-RC3 - Insufficient blood"/>
          </contains>
          <contains>
            <system value="http://fhir.nphl.go.ke/CodeSystem/LabOrderRejectionReasonsCS"/>
            <code value="KEID.RC4"/>
            <display value="EID-Rejection-RC4 - Scratched spots"/>
          </contains>
          <contains>
            <system value="http://fhir.nphl.go.ke/CodeSystem/LabOrderRejectionReasonsCS"/>
            <code value="KEID.RC5"/>
            <display value="EID-Rejection-RC5 - Scattered spots"/>
          </contains>
          <contains>
            <system value="http://fhir.nphl.go.ke/CodeSystem/LabOrderRejectionReasonsCS"/>
            <code value="KEID.RC6"/>
            <display value="EID-Rejection-RC6 - Two layered spot"/>
          </contains>
          <contains>
            <system value="http://fhir.nphl.go.ke/CodeSystem/LabOrderRejectionReasonsCS"/>
            <code value="KEID.RC7"/>
            <display value="EID-Rejection-RC7 - Sample not due"/>
          </contains>
          <contains>
            <system value="http://fhir.nphl.go.ke/CodeSystem/LabOrderRejectionReasonsCS"/>
            <code value="KEID.RC8"/>
            <display value="EID-Rejection-RC8 - Samples packed together"/>
          </contains>
          <contains>
            <system value="http://fhir.nphl.go.ke/CodeSystem/LabOrderRejectionReasonsCS"/>
            <code value="KEID.RC9"/>
            <display value="EID-Rejection-RC9 - Clotted blood"/>
          </contains>
          <contains>
            <system value="http://fhir.nphl.go.ke/CodeSystem/LabOrderRejectionReasonsCS"/>
            <code value="KEID.RC10"/>
            <display value="EID-Rejection-RC10 - Improper drying"/>
          </contains>
          <contains>
            <system value="http://fhir.nphl.go.ke/CodeSystem/LabOrderRejectionReasonsCS"/>
            <code value="KEID.RC11"/>
            <display value="EID-Rejection-RC11 - Serum rings –water, alcohol"/>
          </contains>
          <contains>
            <system value="http://fhir.nphl.go.ke/CodeSystem/LabOrderRejectionReasonsCS"/>
            <code value="KEID.RC12"/>
            <display value="EID-Rejection-RC12 - Collected on expired DBS card"/>
          </contains>
          <contains>
            <system value="http://fhir.nphl.go.ke/CodeSystem/LabOrderRejectionReasonsCS"/>
            <code value="KEID.RC13"/>
            <display value="EID-Rejection-RC13 - Overstayed specimen ( &gt;2wks )"/>
          </contains>
          <contains>
            <system value="http://fhir.nphl.go.ke/CodeSystem/LabOrderRejectionReasonsCS"/>
            <code value="KEID.RC14"/>
            <display value="EID-Rejection-RC14 - Above 2years"/>
          </contains>
          <contains>
            <system value="http://fhir.nphl.go.ke/CodeSystem/LabOrderRejectionReasonsCS"/>
            <code value="KEID.RC15"/>
            <display value="EID-Rejection-RC15 - Sample &amp; requisition mismatch"/>
          </contains>
          <contains>
            <system value="http://fhir.nphl.go.ke/CodeSystem/LabOrderRejectionReasonsCS"/>
            <code value="KVL.RC1"/>
            <display value="VL-Rejection-RC1 - Missing Sample"/>
          </contains>
          <contains>
            <system value="http://fhir.nphl.go.ke/CodeSystem/LabOrderRejectionReasonsCS"/>
            <code value="KVL.RC2"/>
            <display value="VL-Rejection-RC2 - Hemolysed sample"/>
          </contains>
          <contains>
            <system value="http://fhir.nphl.go.ke/CodeSystem/LabOrderRejectionReasonsCS"/>
            <code value="KVL.RC3"/>
            <display value="VL-Rejection-RC3 - Missing patient"/>
          </contains>
          <contains>
            <system value="http://fhir.nphl.go.ke/CodeSystem/LabOrderRejectionReasonsCS"/>
            <code value="KVL.RC4"/>
            <display value="VL-Rejection-RC4 - Sample request form &amp; sample mismatch"/>
          </contains>
          <contains>
            <system value="http://fhir.nphl.go.ke/CodeSystem/LabOrderRejectionReasonsCS"/>
            <code value="KVL.RC5"/>
            <display value="VL-Rejection-RC5 - Sample not under cold chain"/>
          </contains>
          <contains>
            <system value="http://fhir.nphl.go.ke/CodeSystem/LabOrderRejectionReasonsCS"/>
            <code value="KVL.RC6"/>
            <display value="VL-Rejection-RC6 - Expired PPT tubes"/>
          </contains>
          <contains>
            <system value="http://fhir.nphl.go.ke/CodeSystem/LabOrderRejectionReasonsCS"/>
            <code value="KVL.RC7"/>
            <display value="VL-Rejection-RC7 - No request form"/>
          </contains>
          <contains>
            <system value="http://fhir.nphl.go.ke/CodeSystem/LabOrderRejectionReasonsCS"/>
            <code value="KVL.RC8"/>
            <display value="VL-Rejection-RC8 - Improper packaging"/>
          </contains>
          <contains>
            <system value="http://fhir.nphl.go.ke/CodeSystem/LabOrderRejectionReasonsCS"/>
            <code value="KVL.RC9"/>
            <display value="VL-Rejection-RC9 - Insufficient volume"/>
          </contains>
          <contains>
            <system value="http://fhir.nphl.go.ke/CodeSystem/LabOrderRejectionReasonsCS"/>
            <code value="KTB.RC1"/>
            <display value="TB-Rejection-RC1 - Leaking"/>
          </contains>
          <contains>
            <system value="http://fhir.nphl.go.ke/CodeSystem/LabOrderRejectionReasonsCS"/>
            <code value="KTB.RC2"/>
            <display value="TB-Rejection-RC2 - Request form without samples"/>
          </contains>
          <contains>
            <system value="http://fhir.nphl.go.ke/CodeSystem/LabOrderRejectionReasonsCS"/>
            <code value="KTB.RC3"/>
            <display value="TB-Rejection-RC3 - Mismatch Information on requset from and specimen container"/>
          </contains>
          <contains>
            <system value="http://fhir.nphl.go.ke/CodeSystem/LabOrderRejectionReasonsCS"/>
            <code value="KTB.RC4"/>
            <display value="TB-Rejection-RC4 - No label"/>
          </contains>
          <contains>
            <system value="http://fhir.nphl.go.ke/CodeSystem/LabOrderRejectionReasonsCS"/>
            <code value="KTB.RC5"/>
            <display value="TB-Rejection-RC5 - No sample in the container"/>
          </contains>
          <contains>
            <system value="http://fhir.nphl.go.ke/CodeSystem/LabOrderRejectionReasonsCS"/>
            <code value="KTB.RC6"/>
            <display value="TB-Rejection-RC6 - No requset form"/>
          </contains>
          <contains>
            <system value="http://fhir.nphl.go.ke/CodeSystem/LabOrderRejectionReasonsCS"/>
            <code value="KTB.RC7"/>
            <display value="TB-Rejection-RC7 - Missing information required"/>
          </contains>
          <contains>
            <system value="http://fhir.nphl.go.ke/CodeSystem/LabOrderRejectionReasonsCS"/>
            <code value="KTB.RC8"/>
            <display value="TB-Rejection-RC8 - Sample in the wrong container"/>
          </contains>
          <contains>
            <system value="http://fhir.nphl.go.ke/CodeSystem/LabOrderRejectionReasonsCS"/>
            <code value="KTB.RC9"/>
            <display value="TB-Rejection-RC9 - Delay between sample collection and reception at NTRL"/>
          </contains>
        </expansion>
      </ValueSet>
    </resource>
  </entry>
  <entry>
    <fullUrl value="http://fhir.nphl.go.ke/ValueSet/yes-no-vs"/>
    <resource>
      <ValueSet>
        <text>
          <status value="generated"/>
          <div xmlns="http://www.w3.org/1999/xhtml">
            <p class="res-header-id">
              <b>Generated Narrative: ValueSet </b>
            </p>
            <p style="border: black 1px dotted; background-color: #EEEEEE; padding: 8px; margin-bottom: 8px">Expansion based on SNOMED CT International edition 01-Feb 2024</p>
            <p>This value set contains 2 concepts</p>
            <table class="codes">
              <tr>
                <td style="white-space:nowrap">
                  <b>Code</b>
                </td>
                <td>
                  <b>System</b>
                </td>
                <td>
                  <b>Display</b>
                </td>
              </tr>
              <tr>
                <td style="white-space:nowrap">
                  <a name="null-x-http---snomed.info-sct-373066001"> </a>  
                  <a href="http://snomed.info/id/373066001">373066001</a>
                </td>
                <td>http://snomed.info/sct</td>
                <td>Yes (qualifier value)</td>
              </tr>
              <tr>
                <td style="white-space:nowrap">
                  <a name="null-x-http---snomed.info-sct-373067005"> </a>  
                  <a href="http://snomed.info/id/373067005">373067005</a>
                </td>
                <td>http://snomed.info/sct</td>
                <td>No (qualifier value)</td>
              </tr>
            </table>
          </div>
        </text>
        <url value="http://fhir.nphl.go.ke/ValueSet/yes-no-vs"/>
        <version value="0.1.0"/>
        <name value="YesNoVS"/>
        <title value="Yes/No Value Set"/>
        <status value="draft"/>
        <date value="2024-08-16T14:19:45+03:00"/>
        <expansion>
          <identifier value="urn:uuid:13158c6e-b71a-4814-af99-826489c82dfe"/>
          <timestamp value="2024-08-16T14:20:32+03:00"/>
          <total value="2"/>
          <offset value="0"/>
          <parameter>
            <name value="count"/>
            <valueInteger value="1000"/>
          </parameter>
          <parameter>
            <name value="offset"/>
            <valueInteger value="0"/>
          </parameter>
          <parameter>
            <name value="excludeNested"/>
            <valueBoolean value="false"/>
          </parameter>
          <parameter>
            <name value="used-valueset"/>
            <valueUri value="null"/>
          </parameter>
          <parameter>
            <name value="used-codesystem"/>
            <valueUri value="http://snomed.info/sct|http://snomed.info/sct/900000000000207008/version/20240201"/>
          </parameter>
          <parameter>
            <name value="version"/>
            <valueUri value="http://snomed.info/sct|http://snomed.info/sct/900000000000207008/version/20240201"/>
          </parameter>
          <contains>
            <system value="http://snomed.info/sct"/>
            <code value="373066001"/>
            <display value="Yes (qualifier value)"/>
          </contains>
          <contains>
            <system value="http://snomed.info/sct"/>
            <code value="373067005"/>
            <display value="No (qualifier value)"/>
          </contains>
        </expansion>
      </ValueSet>
    </resource>
  </entry>
</Bundle>