URL,Version,Status,OIDs,Name,Title,Descriptino,Uses,Used,Sources
http://fhir.nphl.go.ke/ValueSet/JustificationForLabOrderVS,0.1.0,draft,,JustificationsForLabOrdersVS,ValueSet: Justification options for Lab Orders,"Justification options for lab orders in this IG","StructureDefinition/KenyaDiagnosticServiceRequest","Internal"
http://fhir.nphl.go.ke/ValueSet/RejectionReasonsForLabOrderVS,0.1.0,draft,,RejectionReasonsForLabOrdersVS,ValueSet: Rejection reasons for Lab Orders,"Rejection reasons for lab orders in this IG","StructureDefinition/rejection-reasons-for-labOrder","Internal"
http://fhir.nphl.go.ke/ValueSet/yes-no-vs,0.1.0,draft,,YesNoVS,Yes/No Value Set,"The SNOMED CT codes to answer in the affirmative or negative.",,"SCT"
http://hl7.org/fhir/ValueSet/servicerequest-category,4.0.1,draft,"2.16.840.1.113883.4.642.3.434",ServiceRequestCategoryCodes,Service Request Category Codes,"An example value set of SNOMED CT concepts that can classify a requested service","StructureDefinition/KenyaDiagnosticServiceRequest","SCT"
