<?xml version="1.0" encoding="UTF-8"?>

<CodeSystem xmlns="http://hl7.org/fhir">
  <id value="LabOrderJustificationsCS"/>
  <text>
    <status value="generated"/><div xmlns="http://www.w3.org/1999/xhtml"><p class="res-header-id"><b>Generated Narrative: CodeSystem LabOrderJustificationsCS</b></p><a name="LabOrderJustificationsCS"> </a><a name="hcLabOrderJustificationsCS"> </a><a name="hcLabOrderJustificationsCS-en-US"> </a><p>This  code system <code>http://fhir.nphl.go.ke/CodeSystem/LabOrderJustificationsCS</code> defines the following codes:</p><table class="codes"><tr><td style="white-space:nowrap"><b>Code</b></td><td><b>Display</b></td></tr><tr><td style="white-space:nowrap">KDSTB.B1<a name="LabOrderJustificationsCS-KDSTB.46B1"> </a></td><td>DSTB-Justification-B1 - Baseline</td></tr><tr><td style="white-space:nowrap">KDSTB.F2<a name="LabOrderJustificationsCS-KDSTB.46F2"> </a></td><td>DSTB-Justification-F2 - Follow-up (2 months)</td></tr><tr><td style="white-space:nowrap">KDSTB.F3<a name="LabOrderJustificationsCS-KDSTB.46F3"> </a></td><td>DSTB-Justification-F3 - Follow-up (3 months)</td></tr><tr><td style="white-space:nowrap">KDSTB.F5<a name="LabOrderJustificationsCS-KDSTB.46F5"> </a></td><td>DSTB-Justification-F5 - Follow-up (5 months)</td></tr><tr><td style="white-space:nowrap">KDSTB.F6<a name="LabOrderJustificationsCS-KDSTB.46F6"> </a></td><td>DSTB-Justification-F6 - Follow-up (6 months)</td></tr><tr><td style="white-space:nowrap">KDRTB.B1<a name="LabOrderJustificationsCS-KDRTB.46B1"> </a></td><td>DRTB-Justification-B1 - Baseline</td></tr><tr><td style="white-space:nowrap">KDRTB.F2<a name="LabOrderJustificationsCS-KDRTB.46F2"> </a></td><td>DRTB-Justification-F2 - Follow-up (2 months)</td></tr><tr><td style="white-space:nowrap">KDRTB.F3<a name="LabOrderJustificationsCS-KDRTB.46F3"> </a></td><td>DRTB-Justification-F3 - Follow-up (3 months)</td></tr><tr><td style="white-space:nowrap">KDRTB.F5<a name="LabOrderJustificationsCS-KDRTB.46F5"> </a></td><td>DRTB-Justification-F5 - Follow-up (5 months)</td></tr><tr><td style="white-space:nowrap">KDRTB.F6<a name="LabOrderJustificationsCS-KDRTB.46F6"> </a></td><td>DRTB-Justification-F6 - Follow-up (6 months)</td></tr><tr><td style="white-space:nowrap">KEID.P1<a name="LabOrderJustificationsCS-KEID.46P1"> </a></td><td>PCR-EID-Justification-P1 - Initial PCR (6week or first contact)</td></tr><tr><td style="white-space:nowrap">KEID.P2<a name="LabOrderJustificationsCS-KEID.46P2"> </a></td><td>PCR-EID-Justification-P2 - 2nd PCR (6 months)</td></tr><tr><td style="white-space:nowrap">KEID.P3<a name="LabOrderJustificationsCS-KEID.46P3"> </a></td><td>PCR-EID-Justification-P3 - 3rd PCR (12months)</td></tr><tr><td style="white-space:nowrap">KEID.B1<a name="LabOrderJustificationsCS-KEID.46B1"> </a></td><td>PCR-EID-Justification-B1 - Confirmatory PCR and Baseline VL</td></tr><tr><td style="white-space:nowrap">KEID.D1<a name="LabOrderJustificationsCS-KEID.46D1"> </a></td><td>PCR-EID-Justification-D1 - Discrepant PCR (tie breaker)</td></tr><tr><td style="white-space:nowrap">KEID.R1<a name="LabOrderJustificationsCS-KEID.46R1"> </a></td><td>PCR-EID-Justification-R1 - Sample redraw (specify PCR sample Code e.g. 6,1 )</td></tr><tr><td style="white-space:nowrap">KVL.B1<a name="LabOrderJustificationsCS-KVL.46B1"> </a></td><td>VL-Justification-B1 - 1ST VL</td></tr><tr><td style="white-space:nowrap">KVL.F1<a name="LabOrderJustificationsCS-KVL.46F1"> </a></td><td>VL-Justification-F1 - Follow up</td></tr><tr><td style="white-space:nowrap">KVL.S1<a name="LabOrderJustificationsCS-KVL.46S1"> </a></td><td>VL-Justification-S1 - Single drug substitution</td></tr><tr><td style="white-space:nowrap">KVL.R1<a name="LabOrderJustificationsCS-KVL.46R1"> </a></td><td>VL-Justification-R1 - Recency</td></tr><tr><td style="white-space:nowrap">KVL.P1<a name="LabOrderJustificationsCS-KVL.46P1"> </a></td><td>VL-Justification-P1 - PMTCT NP</td></tr><tr><td style="white-space:nowrap">KVL.P2<a name="LabOrderJustificationsCS-KVL.46P2"> </a></td><td>VL-Justification-P2 - PMTCT KP</td></tr></table></div>
  </text>
  <url value="http://fhir.nphl.go.ke/CodeSystem/LabOrderJustificationsCS"/>
  <version value="0.1.0"/>
  <name value="LabOrderJustificationsCS"/>
  <title value="CodeSystem: Laboratory Order Justifications"/>
  <status value="draft"/>
  <date value="2024-08-16T14:48:05+03:00"/>
  <publisher value="DNLS"/>
  <contact>
    <name value="DNLS"/>
    <telecom>
      <system value="url"/>
      <value value="http://nphl.go.ke"/>
    </telecom>
  </contact>
  <description value="The reason for ordering a laboratory test."/>
  <content value="complete"/>
  <count value="22"/>
  <concept>
    <code value="KDSTB.B1"/>
    <display value="DSTB-Justification-B1 - Baseline"/>
  </concept>
  <concept>
    <code value="KDSTB.F2"/>
    <display value="DSTB-Justification-F2 - Follow-up (2 months)"/>
  </concept>
  <concept>
    <code value="KDSTB.F3"/>
    <display value="DSTB-Justification-F3 - Follow-up (3 months)"/>
  </concept>
  <concept>
    <code value="KDSTB.F5"/>
    <display value="DSTB-Justification-F5 - Follow-up (5 months)"/>
  </concept>
  <concept>
    <code value="KDSTB.F6"/>
    <display value="DSTB-Justification-F6 - Follow-up (6 months)"/>
  </concept>
  <concept>
    <code value="KDRTB.B1"/>
    <display value="DRTB-Justification-B1 - Baseline"/>
  </concept>
  <concept>
    <code value="KDRTB.F2"/>
    <display value="DRTB-Justification-F2 - Follow-up (2 months)"/>
  </concept>
  <concept>
    <code value="KDRTB.F3"/>
    <display value="DRTB-Justification-F3 - Follow-up (3 months)"/>
  </concept>
  <concept>
    <code value="KDRTB.F5"/>
    <display value="DRTB-Justification-F5 - Follow-up (5 months)"/>
  </concept>
  <concept>
    <code value="KDRTB.F6"/>
    <display value="DRTB-Justification-F6 - Follow-up (6 months)"/>
  </concept>
  <concept>
    <code value="KEID.P1"/>
    <display value="PCR-EID-Justification-P1 - Initial PCR (6week or first contact)"/>
  </concept>
  <concept>
    <code value="KEID.P2"/>
    <display value="PCR-EID-Justification-P2 - 2nd PCR (6 months)"/>
  </concept>
  <concept>
    <code value="KEID.P3"/>
    <display value="PCR-EID-Justification-P3 - 3rd PCR (12months)"/>
  </concept>
  <concept>
    <code value="KEID.B1"/>
    <display value="PCR-EID-Justification-B1 - Confirmatory PCR and Baseline VL"/>
  </concept>
  <concept>
    <code value="KEID.D1"/>
    <display value="PCR-EID-Justification-D1 - Discrepant PCR (tie breaker)"/>
  </concept>
  <concept>
    <code value="KEID.R1"/>
    <display value="PCR-EID-Justification-R1 - Sample redraw (specify PCR sample Code e.g. 6,1 )"/>
  </concept>
  <concept>
    <code value="KVL.B1"/>
    <display value="VL-Justification-B1 - 1ST VL"/>
  </concept>
  <concept>
    <code value="KVL.F1"/>
    <display value="VL-Justification-F1 - Follow up"/>
  </concept>
  <concept>
    <code value="KVL.S1"/>
    <display value="VL-Justification-S1 - Single drug substitution"/>
  </concept>
  <concept>
    <code value="KVL.R1"/>
    <display value="VL-Justification-R1 - Recency"/>
  </concept>
  <concept>
    <code value="KVL.P1"/>
    <display value="VL-Justification-P1 - PMTCT NP"/>
  </concept>
  <concept>
    <code value="KVL.P2"/>
    <display value="VL-Justification-P2 - PMTCT KP"/>
  </concept>
</CodeSystem>