<?xml version="1.0" encoding="UTF-8"?>

<ValueSet xmlns="http://hl7.org/fhir">
  <id value="JustificationForLabOrderVS"/>
  <text>
    <status value="generated"/><div xmlns="http://www.w3.org/1999/xhtml"><p class="res-header-id"><b>Generated Narrative: ValueSet JustificationForLabOrderVS</b></p><a name="JustificationForLabOrderVS"> </a><a name="hcJustificationForLabOrderVS"> </a><a name="JustificationForLabOrderVS-en-US"> </a><ul><li>Include these codes as defined in <a href="CodeSystem-LabOrderJustificationsCS.html"><code>http://fhir.nphl.go.ke/CodeSystem/LabOrderJustificationsCS</code></a><table class="none"><tr><td style="white-space:nowrap"><b>Code</b></td><td><b>Display</b></td></tr><tr><td><a href="CodeSystem-LabOrderJustificationsCS.html#LabOrderJustificationsCS-KDSTB.46B1">KDSTB.B1</a></td><td style="color: #cccccc">DSTB-Justification-B1 - Baseline</td></tr><tr><td><a href="CodeSystem-LabOrderJustificationsCS.html#LabOrderJustificationsCS-KDSTB.46F2">KDSTB.F2</a></td><td style="color: #cccccc">DSTB-Justification-F2 - Follow-up (2 months)</td></tr><tr><td><a href="CodeSystem-LabOrderJustificationsCS.html#LabOrderJustificationsCS-KDSTB.46F3">KDSTB.F3</a></td><td style="color: #cccccc">DSTB-Justification-F3 - Follow-up (3 months)</td></tr><tr><td><a href="CodeSystem-LabOrderJustificationsCS.html#LabOrderJustificationsCS-KDSTB.46F5">KDSTB.F5</a></td><td style="color: #cccccc">DSTB-Justification-F5 - Follow-up (5 months)</td></tr><tr><td><a href="CodeSystem-LabOrderJustificationsCS.html#LabOrderJustificationsCS-KDSTB.46F6">KDSTB.F6</a></td><td style="color: #cccccc">DSTB-Justification-F6 - Follow-up (6 months)</td></tr><tr><td><a href="CodeSystem-LabOrderJustificationsCS.html#LabOrderJustificationsCS-KDRTB.46B1">KDRTB.B1</a></td><td style="color: #cccccc">DRTB-Justification-B1 - Baseline</td></tr><tr><td><a href="CodeSystem-LabOrderJustificationsCS.html#LabOrderJustificationsCS-KDRTB.46F2">KDRTB.F2</a></td><td style="color: #cccccc">DRTB-Justification-F2 - Follow-up (2 months)</td></tr><tr><td><a href="CodeSystem-LabOrderJustificationsCS.html#LabOrderJustificationsCS-KDRTB.46F3">KDRTB.F3</a></td><td style="color: #cccccc">DRTB-Justification-F3 - Follow-up (3 months)</td></tr><tr><td><a href="CodeSystem-LabOrderJustificationsCS.html#LabOrderJustificationsCS-KDRTB.46F5">KDRTB.F5</a></td><td style="color: #cccccc">DRTB-Justification-F5 - Follow-up (5 months)</td></tr><tr><td><a href="CodeSystem-LabOrderJustificationsCS.html#LabOrderJustificationsCS-KDRTB.46F6">KDRTB.F6</a></td><td style="color: #cccccc">DRTB-Justification-F6 - Follow-up (6 months)</td></tr><tr><td><a href="CodeSystem-LabOrderJustificationsCS.html#LabOrderJustificationsCS-KEID.46P1">KEID.P1</a></td><td style="color: #cccccc">PCR-EID-Justification-P1 - Initial PCR (6week or first contact)</td></tr><tr><td><a href="CodeSystem-LabOrderJustificationsCS.html#LabOrderJustificationsCS-KEID.46P2">KEID.P2</a></td><td style="color: #cccccc">PCR-EID-Justification-P2 - 2nd PCR (6 months)</td></tr><tr><td><a href="CodeSystem-LabOrderJustificationsCS.html#LabOrderJustificationsCS-KEID.46P3">KEID.P3</a></td><td style="color: #cccccc">PCR-EID-Justification-P3 - 3rd PCR (12months)</td></tr><tr><td><a href="CodeSystem-LabOrderJustificationsCS.html#LabOrderJustificationsCS-KEID.46B1">KEID.B1</a></td><td style="color: #cccccc">PCR-EID-Justification-B1 - Confirmatory PCR and Baseline VL</td></tr><tr><td><a href="CodeSystem-LabOrderJustificationsCS.html#LabOrderJustificationsCS-KEID.46D1">KEID.D1</a></td><td style="color: #cccccc">PCR-EID-Justification-D1 - Discrepant PCR (tie breaker)</td></tr><tr><td><a href="CodeSystem-LabOrderJustificationsCS.html#LabOrderJustificationsCS-KEID.46R1">KEID.R1</a></td><td style="color: #cccccc">PCR-EID-Justification-R1 - Sample redraw (specify PCR sample Code e.g. 6,1 )</td></tr><tr><td><a href="CodeSystem-LabOrderJustificationsCS.html#LabOrderJustificationsCS-KVL.46B1">KVL.B1</a></td><td>VL-Justification-B1 - 1st VL</td></tr><tr><td><a href="CodeSystem-LabOrderJustificationsCS.html#LabOrderJustificationsCS-KVL.46F1">KVL.F1</a></td><td>VL-Justification-F1 - Follow up</td></tr><tr><td><a href="CodeSystem-LabOrderJustificationsCS.html#LabOrderJustificationsCS-KVL.46S1">KVL.S1</a></td><td>VL-Justification-S1 - Single drug substitution</td></tr><tr><td><a href="CodeSystem-LabOrderJustificationsCS.html#LabOrderJustificationsCS-KVL.46R1">KVL.R1</a></td><td>VL-Justification-R1 - Recency</td></tr><tr><td><a href="CodeSystem-LabOrderJustificationsCS.html#LabOrderJustificationsCS-KVL.46P1">KVL.P1</a></td><td>VL-Justification-P1 - PMTCT NP</td></tr><tr><td><a href="CodeSystem-LabOrderJustificationsCS.html#LabOrderJustificationsCS-KVL.46P2">KVL.P2</a></td><td>VL-Justification-P2 - PMTCT KP</td></tr></table></li></ul></div>
  </text>
  <url value="http://fhir.nphl.go.ke/ValueSet/JustificationForLabOrderVS"/>
  <version value="0.1.0"/>
  <name value="JustificationsForLabOrdersVS"/>
  <title value="ValueSet: Justification options for Lab Orders"/>
  <status value="draft"/>
  <experimental value="false"/>
  <date value="2024-11-27T16:57:00+03:00"/>
  <publisher value="DNLS"/>
  <contact>
    <name value="DNLS"/>
    <telecom>
      <system value="url"/>
      <value value="http://nphl.go.ke"/>
    </telecom>
  </contact>
  <description value="Justification options for lab orders in this IG"/>
  <compose>
    <include>
      <system value="http://fhir.nphl.go.ke/CodeSystem/LabOrderJustificationsCS"/>
      <concept>
        <code value="KDSTB.B1"/>
      </concept>
      <concept>
        <code value="KDSTB.F2"/>
      </concept>
      <concept>
        <code value="KDSTB.F3"/>
      </concept>
      <concept>
        <code value="KDSTB.F5"/>
      </concept>
      <concept>
        <code value="KDSTB.F6"/>
      </concept>
      <concept>
        <code value="KDRTB.B1"/>
      </concept>
      <concept>
        <code value="KDRTB.F2"/>
      </concept>
      <concept>
        <code value="KDRTB.F3"/>
      </concept>
      <concept>
        <code value="KDRTB.F5"/>
      </concept>
      <concept>
        <code value="KDRTB.F6"/>
      </concept>
      <concept>
        <code value="KEID.P1"/>
      </concept>
      <concept>
        <code value="KEID.P2"/>
      </concept>
      <concept>
        <code value="KEID.P3"/>
      </concept>
      <concept>
        <code value="KEID.B1"/>
      </concept>
      <concept>
        <code value="KEID.D1"/>
      </concept>
      <concept>
        <code value="KEID.R1"/>
      </concept>
      <concept>
        <code value="KVL.B1"/>
        <display value="VL-Justification-B1 - 1st VL"/>
      </concept>
      <concept>
        <code value="KVL.F1"/>
        <display value="VL-Justification-F1 - Follow up"/>
      </concept>
      <concept>
        <code value="KVL.S1"/>
        <display value="VL-Justification-S1 - Single drug substitution"/>
      </concept>
      <concept>
        <code value="KVL.R1"/>
        <display value="VL-Justification-R1 - Recency"/>
      </concept>
      <concept>
        <code value="KVL.P1"/>
        <display value="VL-Justification-P1 - PMTCT NP"/>
      </concept>
      <concept>
        <code value="KVL.P2"/>
        <display value="VL-Justification-P2 - PMTCT KP"/>
      </concept>
    </include>
  </compose>
</ValueSet>