<?xml version="1.0" encoding="UTF-8"?><CodeSystem xmlns="http://hl7.org/fhir"><id value="LabOrderRejectionReasonsCS"/><text><status value="generated"/><div xmlns="http://www.w3.org/1999/xhtml"><p class="res-header-id"><b>Generated Narrative: CodeSystem LabOrderRejectionReasonsCS</b></p><a name="LabOrderRejectionReasonsCS"> </a><a name="hcLabOrderRejectionReasonsCS"> </a><a name="hcLabOrderRejectionReasonsCS-en-US"> </a><p>This  code system <code>http://fhir.nphl.go.ke/CodeSystem/LabOrderRejectionReasonsCS</code> defines the following codes:</p><table class="codes"><tr><td style="white-space:nowrap"><b>Code</b></td><td><b>Display</b></td></tr><tr><td style="white-space:nowrap">KEID.RC1<a name="LabOrderRejectionReasonsCS-KEID.46RC1"> </a></td><td>EID-Rejection-RC1 - Unlabeled DBS</td></tr><tr><td style="white-space:nowrap">KEID.RC2<a name="LabOrderRejectionReasonsCS-KEID.46RC2"> </a></td><td>EID-Rejection-RC2 - Over saturation</td></tr><tr><td style="white-space:nowrap">KEID.RC3<a name="LabOrderRejectionReasonsCS-KEID.46RC3"> </a></td><td>EID-Rejection-RC3 - Insufficient blood</td></tr><tr><td style="white-space:nowrap">KEID.RC4<a name="LabOrderRejectionReasonsCS-KEID.46RC4"> </a></td><td>EID-Rejection-RC4 - Scratched spots</td></tr><tr><td style="white-space:nowrap">KEID.RC5<a name="LabOrderRejectionReasonsCS-KEID.46RC5"> </a></td><td>EID-Rejection-RC5 - Scattered spots</td></tr><tr><td style="white-space:nowrap">KEID.RC6<a name="LabOrderRejectionReasonsCS-KEID.46RC6"> </a></td><td>EID-Rejection-RC6 - Two layered spot</td></tr><tr><td style="white-space:nowrap">KEID.RC7<a name="LabOrderRejectionReasonsCS-KEID.46RC7"> </a></td><td>EID-Rejection-RC7 - Sample not due</td></tr><tr><td style="white-space:nowrap">KEID.RC8<a name="LabOrderRejectionReasonsCS-KEID.46RC8"> </a></td><td>EID-Rejection-RC8 - Samples packed together</td></tr><tr><td style="white-space:nowrap">KEID.RC9<a name="LabOrderRejectionReasonsCS-KEID.46RC9"> </a></td><td>EID-Rejection-RC9 - Clotted blood</td></tr><tr><td style="white-space:nowrap">KEID.RC10<a name="LabOrderRejectionReasonsCS-KEID.46RC10"> </a></td><td>EID-Rejection-RC10 - Improper drying</td></tr><tr><td style="white-space:nowrap">KEID.RC11<a name="LabOrderRejectionReasonsCS-KEID.46RC11"> </a></td><td>EID-Rejection-RC11 - Serum rings –water, alcohol</td></tr><tr><td style="white-space:nowrap">KEID.RC12<a name="LabOrderRejectionReasonsCS-KEID.46RC12"> </a></td><td>EID-Rejection-RC12 - Collected on expired DBS card</td></tr><tr><td style="white-space:nowrap">KEID.RC13<a name="LabOrderRejectionReasonsCS-KEID.46RC13"> </a></td><td>EID-Rejection-RC13 - Overstayed specimen ( &gt;2wks )</td></tr><tr><td style="white-space:nowrap">KEID.RC14<a name="LabOrderRejectionReasonsCS-KEID.46RC14"> </a></td><td>EID-Rejection-RC14 - Above 2years</td></tr><tr><td style="white-space:nowrap">KEID.RC15<a name="LabOrderRejectionReasonsCS-KEID.46RC15"> </a></td><td>EID-Rejection-RC15 - Sample &amp; requisition mismatch</td></tr><tr><td style="white-space:nowrap">KVL.RC1<a name="LabOrderRejectionReasonsCS-KVL.46RC1"> </a></td><td>VL-Rejection-RC1 - Missing Sample</td></tr><tr><td style="white-space:nowrap">KVL.RC2<a name="LabOrderRejectionReasonsCS-KVL.46RC2"> </a></td><td>VL-Rejection-RC2 - Hemolysed sample</td></tr><tr><td style="white-space:nowrap">KVL.RC3<a name="LabOrderRejectionReasonsCS-KVL.46RC3"> </a></td><td>VL-Rejection-RC3 - Missing patient</td></tr><tr><td style="white-space:nowrap">KVL.RC4<a name="LabOrderRejectionReasonsCS-KVL.46RC4"> </a></td><td>VL-Rejection-RC4 - Sample request form &amp; sample mismatch</td></tr><tr><td style="white-space:nowrap">KVL.RC5<a name="LabOrderRejectionReasonsCS-KVL.46RC5"> </a></td><td>VL-Rejection-RC5 - Sample not under cold chain</td></tr><tr><td style="white-space:nowrap">KVL.RC6<a name="LabOrderRejectionReasonsCS-KVL.46RC6"> </a></td><td>VL-Rejection-RC6 - Expired PPT tubes</td></tr><tr><td style="white-space:nowrap">KVL.RC7<a name="LabOrderRejectionReasonsCS-KVL.46RC7"> </a></td><td>VL-Rejection-RC7 - No request form</td></tr><tr><td style="white-space:nowrap">KVL.RC8<a name="LabOrderRejectionReasonsCS-KVL.46RC8"> </a></td><td>VL-Rejection-RC8 - Improper packaging</td></tr><tr><td style="white-space:nowrap">KVL.RC9<a name="LabOrderRejectionReasonsCS-KVL.46RC9"> </a></td><td>VL-Rejection-RC9 - Insufficient volume</td></tr><tr><td style="white-space:nowrap">KTB.RC1<a name="LabOrderRejectionReasonsCS-KTB.46RC1"> </a></td><td>TB-Rejection-RC1 - Leaking</td></tr><tr><td style="white-space:nowrap">KTB.RC2<a name="LabOrderRejectionReasonsCS-KTB.46RC2"> </a></td><td>TB-Rejection-RC2 - Request form without samples</td></tr><tr><td style="white-space:nowrap">KTB.RC3<a name="LabOrderRejectionReasonsCS-KTB.46RC3"> </a></td><td>TB-Rejection-RC3 - Mismatch Information on requset from and specimen container</td></tr><tr><td style="white-space:nowrap">KTB.RC4<a name="LabOrderRejectionReasonsCS-KTB.46RC4"> </a></td><td>TB-Rejection-RC4 - No label</td></tr><tr><td style="white-space:nowrap">KTB.RC5<a name="LabOrderRejectionReasonsCS-KTB.46RC5"> </a></td><td>TB-Rejection-RC5 - No sample in the container</td></tr><tr><td style="white-space:nowrap">KTB.RC6<a name="LabOrderRejectionReasonsCS-KTB.46RC6"> </a></td><td>TB-Rejection-RC6 - No requset form</td></tr><tr><td style="white-space:nowrap">KTB.RC7<a name="LabOrderRejectionReasonsCS-KTB.46RC7"> </a></td><td>TB-Rejection-RC7 - Missing information required</td></tr><tr><td style="white-space:nowrap">KTB.RC8<a name="LabOrderRejectionReasonsCS-KTB.46RC8"> </a></td><td>TB-Rejection-RC8 - Sample in the wrong container</td></tr><tr><td style="white-space:nowrap">KTB.RC9<a name="LabOrderRejectionReasonsCS-KTB.46RC9"> </a></td><td>TB-Rejection-RC9 - Delay between sample collection and reception at NTRL</td></tr></table></div></text><url value="http://fhir.nphl.go.ke/CodeSystem/LabOrderRejectionReasonsCS"/><version value="0.1.0"/><name value="LabOrderRejectionReasonsCS"/><title value="CodeSystem: Laboratory Order Rejection Reasons"/><status value="draft"/><date value="2024-08-16T14:19:45+03:00"/><publisher value="DNLS"/><contact><name value="DNLS"/><telecom><system value="url"/><value value="http://nphl.go.ke"/></telecom></contact><description value="The reason for rejecting a laboratory Order."/><content value="complete"/><count value="33"/><concept><code value="KEID.RC1"/><display value="EID-Rejection-RC1 - Unlabeled DBS"/></concept><concept><code value="KEID.RC2"/><display value="EID-Rejection-RC2 - Over saturation"/></concept><concept><code value="KEID.RC3"/><display value="EID-Rejection-RC3 - Insufficient blood"/></concept><concept><code value="KEID.RC4"/><display value="EID-Rejection-RC4 - Scratched spots"/></concept><concept><code value="KEID.RC5"/><display value="EID-Rejection-RC5 - Scattered spots"/></concept><concept><code value="KEID.RC6"/><display value="EID-Rejection-RC6 - Two layered spot"/></concept><concept><code value="KEID.RC7"/><display value="EID-Rejection-RC7 - Sample not due"/></concept><concept><code value="KEID.RC8"/><display value="EID-Rejection-RC8 - Samples packed together"/></concept><concept><code value="KEID.RC9"/><display value="EID-Rejection-RC9 - Clotted blood"/></concept><concept><code value="KEID.RC10"/><display value="EID-Rejection-RC10 - Improper drying"/></concept><concept><code value="KEID.RC11"/><display value="EID-Rejection-RC11 - Serum rings –water, alcohol"/></concept><concept><code value="KEID.RC12"/><display value="EID-Rejection-RC12 - Collected on expired DBS card"/></concept><concept><code value="KEID.RC13"/><display value="EID-Rejection-RC13 - Overstayed specimen ( &gt;2wks )"/></concept><concept><code value="KEID.RC14"/><display value="EID-Rejection-RC14 - Above 2years"/></concept><concept><code value="KEID.RC15"/><display value="EID-Rejection-RC15 - Sample &amp; requisition mismatch"/></concept><concept><code value="KVL.RC1"/><display value="VL-Rejection-RC1 - Missing Sample"/></concept><concept><code value="KVL.RC2"/><display value="VL-Rejection-RC2 - Hemolysed sample"/></concept><concept><code value="KVL.RC3"/><display value="VL-Rejection-RC3 - Missing patient"/></concept><concept><code value="KVL.RC4"/><display value="VL-Rejection-RC4 - Sample request form &amp; sample mismatch"/></concept><concept><code value="KVL.RC5"/><display value="VL-Rejection-RC5 - Sample not under cold chain"/></concept><concept><code value="KVL.RC6"/><display value="VL-Rejection-RC6 - Expired PPT tubes"/></concept><concept><code value="KVL.RC7"/><display value="VL-Rejection-RC7 - No request form"/></concept><concept><code value="KVL.RC8"/><display value="VL-Rejection-RC8 - Improper packaging"/></concept><concept><code value="KVL.RC9"/><display value="VL-Rejection-RC9 - Insufficient volume"/></concept><concept><code value="KTB.RC1"/><display value="TB-Rejection-RC1 - Leaking"/></concept><concept><code value="KTB.RC2"/><display value="TB-Rejection-RC2 - Request form without samples"/></concept><concept><code value="KTB.RC3"/><display value="TB-Rejection-RC3 - Mismatch Information on requset from and specimen container"/></concept><concept><code value="KTB.RC4"/><display value="TB-Rejection-RC4 - No label"/></concept><concept><code value="KTB.RC5"/><display value="TB-Rejection-RC5 - No sample in the container"/></concept><concept><code value="KTB.RC6"/><display value="TB-Rejection-RC6 - No requset form"/></concept><concept><code value="KTB.RC7"/><display value="TB-Rejection-RC7 - Missing information required"/></concept><concept><code value="KTB.RC8"/><display value="TB-Rejection-RC8 - Sample in the wrong container"/></concept><concept><code value="KTB.RC9"/><display value="TB-Rejection-RC9 - Delay between sample collection and reception at NTRL"/></concept></CodeSystem>