<?xml version="1.0" encoding="UTF-8"?><ValueSet xmlns="http://hl7.org/fhir"><id value="yes-no-vs"/><text><status value="generated"/><div xmlns="http://www.w3.org/1999/xhtml"><p class="res-header-id"><b>Generated Narrative: ValueSet yes-no-vs</b></p><a name="yes-no-vs"> </a><a name="hcyes-no-vs"> </a><a name="hcyes-no-vs-en-US"> </a><ul><li>Include these codes as defined in <a href="http://www.snomed.org/"><code>http://snomed.info/sct</code></a><table class="none"><tr><td style="white-space:nowrap"><b>Code</b></td><td><b>Display</b></td></tr><tr><td><a href="http://snomed.info/id/373066001">373066001</a></td><td>Yes (qualifier value)</td></tr><tr><td><a href="http://snomed.info/id/373067005">373067005</a></td><td>No (qualifier value)</td></tr></table></li></ul></div></text><url value="http://fhir.nphl.go.ke/ValueSet/yes-no-vs"/><version value="0.1.0"/><name value="YesNoVS"/><title value="Yes/No Value Set"/><status value="draft"/><date value="2024-08-16T14:19:45+03:00"/><publisher value="DNLS"/><contact><name value="DNLS"/><telecom><system value="url"/><value value="http://nphl.go.ke"/></telecom></contact><description value="The SNOMED CT codes to answer in the affirmative or negative."/><compose><include><system value="http://snomed.info/sct"/><concept><code value="373066001"/><display value="Yes (qualifier value)"/></concept><concept><code value="373067005"/><display value="No (qualifier value)"/></concept></include></compose></ValueSet>