{"resourceType":"CodeSystem","id":"LabOrderRejectionReasonsCS","text":{"status":"generated","div":"<div xmlns=\"http://www.w3.org/1999/xhtml\"><p class=\"res-header-id\"><b>Generated Narrative: CodeSystem LabOrderRejectionReasonsCS</b></p><a name=\"LabOrderRejectionReasonsCS\"> </a><a name=\"hcLabOrderRejectionReasonsCS\"> </a><a name=\"hcLabOrderRejectionReasonsCS-en-US\"> </a><p>This  code system <code>http://fhir.nphl.go.ke/CodeSystem/LabOrderRejectionReasonsCS</code> defines the following codes:</p><table class=\"codes\"><tr><td style=\"white-space:nowrap\"><b>Code</b></td><td><b>Display</b></td></tr><tr><td style=\"white-space:nowrap\">KEID.RC1<a name=\"LabOrderRejectionReasonsCS-KEID.46RC1\"> </a></td><td>EID-Rejection-RC1 - Unlabeled DBS</td></tr><tr><td style=\"white-space:nowrap\">KEID.RC2<a name=\"LabOrderRejectionReasonsCS-KEID.46RC2\"> </a></td><td>EID-Rejection-RC2 - Over saturation</td></tr><tr><td style=\"white-space:nowrap\">KEID.RC3<a name=\"LabOrderRejectionReasonsCS-KEID.46RC3\"> </a></td><td>EID-Rejection-RC3 - Insufficient blood</td></tr><tr><td style=\"white-space:nowrap\">KEID.RC4<a name=\"LabOrderRejectionReasonsCS-KEID.46RC4\"> </a></td><td>EID-Rejection-RC4 - Scratched spots</td></tr><tr><td style=\"white-space:nowrap\">KEID.RC5<a name=\"LabOrderRejectionReasonsCS-KEID.46RC5\"> </a></td><td>EID-Rejection-RC5 - Scattered spots</td></tr><tr><td style=\"white-space:nowrap\">KEID.RC6<a name=\"LabOrderRejectionReasonsCS-KEID.46RC6\"> </a></td><td>EID-Rejection-RC6 - Two layered spot</td></tr><tr><td style=\"white-space:nowrap\">KEID.RC7<a name=\"LabOrderRejectionReasonsCS-KEID.46RC7\"> </a></td><td>EID-Rejection-RC7 - Sample not due</td></tr><tr><td style=\"white-space:nowrap\">KEID.RC8<a name=\"LabOrderRejectionReasonsCS-KEID.46RC8\"> </a></td><td>EID-Rejection-RC8 - Samples packed together</td></tr><tr><td style=\"white-space:nowrap\">KEID.RC9<a name=\"LabOrderRejectionReasonsCS-KEID.46RC9\"> </a></td><td>EID-Rejection-RC9 - Clotted blood</td></tr><tr><td style=\"white-space:nowrap\">KEID.RC10<a name=\"LabOrderRejectionReasonsCS-KEID.46RC10\"> </a></td><td>EID-Rejection-RC10 - Improper drying</td></tr><tr><td style=\"white-space:nowrap\">KEID.RC11<a name=\"LabOrderRejectionReasonsCS-KEID.46RC11\"> </a></td><td>EID-Rejection-RC11 - Serum rings –water, alcohol</td></tr><tr><td style=\"white-space:nowrap\">KEID.RC12<a name=\"LabOrderRejectionReasonsCS-KEID.46RC12\"> </a></td><td>EID-Rejection-RC12 - Collected on expired DBS card</td></tr><tr><td style=\"white-space:nowrap\">KEID.RC13<a name=\"LabOrderRejectionReasonsCS-KEID.46RC13\"> </a></td><td>EID-Rejection-RC13 - Overstayed specimen ( &gt;2wks )</td></tr><tr><td style=\"white-space:nowrap\">KEID.RC14<a name=\"LabOrderRejectionReasonsCS-KEID.46RC14\"> </a></td><td>EID-Rejection-RC14 - Above 2years</td></tr><tr><td style=\"white-space:nowrap\">KEID.RC15<a name=\"LabOrderRejectionReasonsCS-KEID.46RC15\"> </a></td><td>EID-Rejection-RC15 - Sample &amp; requisition mismatch</td></tr><tr><td style=\"white-space:nowrap\">KVL.RC1<a name=\"LabOrderRejectionReasonsCS-KVL.46RC1\"> </a></td><td>VL-Rejection-RC1 - Missing Sample</td></tr><tr><td style=\"white-space:nowrap\">KVL.RC2<a name=\"LabOrderRejectionReasonsCS-KVL.46RC2\"> </a></td><td>VL-Rejection-RC2 - Hemolysed sample</td></tr><tr><td style=\"white-space:nowrap\">KVL.RC3<a name=\"LabOrderRejectionReasonsCS-KVL.46RC3\"> </a></td><td>VL-Rejection-RC3 - Missing patient</td></tr><tr><td style=\"white-space:nowrap\">KVL.RC4<a name=\"LabOrderRejectionReasonsCS-KVL.46RC4\"> </a></td><td>VL-Rejection-RC4 - Sample request form &amp; sample mismatch</td></tr><tr><td style=\"white-space:nowrap\">KVL.RC5<a name=\"LabOrderRejectionReasonsCS-KVL.46RC5\"> </a></td><td>VL-Rejection-RC5 - Sample not under cold chain</td></tr><tr><td style=\"white-space:nowrap\">KVL.RC6<a name=\"LabOrderRejectionReasonsCS-KVL.46RC6\"> </a></td><td>VL-Rejection-RC6 - Expired PPT tubes</td></tr><tr><td style=\"white-space:nowrap\">KVL.RC7<a name=\"LabOrderRejectionReasonsCS-KVL.46RC7\"> </a></td><td>VL-Rejection-RC7 - No request form</td></tr><tr><td style=\"white-space:nowrap\">KVL.RC8<a name=\"LabOrderRejectionReasonsCS-KVL.46RC8\"> </a></td><td>VL-Rejection-RC8 - Improper packaging</td></tr><tr><td style=\"white-space:nowrap\">KVL.RC9<a name=\"LabOrderRejectionReasonsCS-KVL.46RC9\"> </a></td><td>VL-Rejection-RC9 - Insufficient volume</td></tr><tr><td style=\"white-space:nowrap\">KTB.RC1<a name=\"LabOrderRejectionReasonsCS-KTB.46RC1\"> </a></td><td>TB-Rejection-RC1 - Leaking</td></tr><tr><td style=\"white-space:nowrap\">KTB.RC2<a name=\"LabOrderRejectionReasonsCS-KTB.46RC2\"> </a></td><td>TB-Rejection-RC2 - Request form without samples</td></tr><tr><td style=\"white-space:nowrap\">KTB.RC3<a name=\"LabOrderRejectionReasonsCS-KTB.46RC3\"> </a></td><td>TB-Rejection-RC3 - Mismatch Information on requset from and specimen container</td></tr><tr><td style=\"white-space:nowrap\">KTB.RC4<a name=\"LabOrderRejectionReasonsCS-KTB.46RC4\"> </a></td><td>TB-Rejection-RC4 - No label</td></tr><tr><td style=\"white-space:nowrap\">KTB.RC5<a name=\"LabOrderRejectionReasonsCS-KTB.46RC5\"> </a></td><td>TB-Rejection-RC5 - No sample in the container</td></tr><tr><td style=\"white-space:nowrap\">KTB.RC6<a name=\"LabOrderRejectionReasonsCS-KTB.46RC6\"> </a></td><td>TB-Rejection-RC6 - No requset form</td></tr><tr><td style=\"white-space:nowrap\">KTB.RC7<a name=\"LabOrderRejectionReasonsCS-KTB.46RC7\"> </a></td><td>TB-Rejection-RC7 - Missing information required</td></tr><tr><td style=\"white-space:nowrap\">KTB.RC8<a name=\"LabOrderRejectionReasonsCS-KTB.46RC8\"> </a></td><td>TB-Rejection-RC8 - Sample in the wrong container</td></tr><tr><td style=\"white-space:nowrap\">KTB.RC9<a name=\"LabOrderRejectionReasonsCS-KTB.46RC9\"> </a></td><td>TB-Rejection-RC9 - Delay between sample collection and reception at NTRL</td></tr></table></div>"},"url":"http://fhir.nphl.go.ke/CodeSystem/LabOrderRejectionReasonsCS","version":"0.1.0","name":"LabOrderRejectionReasonsCS","title":"CodeSystem: Laboratory Order Rejection Reasons","status":"draft","date":"2024-08-16T14:19:45+03:00","publisher":"DNLS","contact":[{"name":"DNLS","telecom":[{"system":"url","value":"http://nphl.go.ke"}]}],"description":"The reason for rejecting a laboratory Order.","content":"complete","count":33,"concept":[{"code":"KEID.RC1","display":"EID-Rejection-RC1 - Unlabeled DBS"},{"code":"KEID.RC2","display":"EID-Rejection-RC2 - Over saturation"},{"code":"KEID.RC3","display":"EID-Rejection-RC3 - Insufficient blood"},{"code":"KEID.RC4","display":"EID-Rejection-RC4 - Scratched spots"},{"code":"KEID.RC5","display":"EID-Rejection-RC5 - Scattered spots"},{"code":"KEID.RC6","display":"EID-Rejection-RC6 - Two layered spot"},{"code":"KEID.RC7","display":"EID-Rejection-RC7 - Sample not due"},{"code":"KEID.RC8","display":"EID-Rejection-RC8 - Samples packed together"},{"code":"KEID.RC9","display":"EID-Rejection-RC9 - Clotted blood"},{"code":"KEID.RC10","display":"EID-Rejection-RC10 - Improper drying"},{"code":"KEID.RC11","display":"EID-Rejection-RC11 - Serum rings –water, alcohol"},{"code":"KEID.RC12","display":"EID-Rejection-RC12 - Collected on expired DBS card"},{"code":"KEID.RC13","display":"EID-Rejection-RC13 - Overstayed specimen ( >2wks )"},{"code":"KEID.RC14","display":"EID-Rejection-RC14 - Above 2years"},{"code":"KEID.RC15","display":"EID-Rejection-RC15 - Sample & requisition mismatch"},{"code":"KVL.RC1","display":"VL-Rejection-RC1 - Missing Sample"},{"code":"KVL.RC2","display":"VL-Rejection-RC2 - Hemolysed sample"},{"code":"KVL.RC3","display":"VL-Rejection-RC3 - Missing patient"},{"code":"KVL.RC4","display":"VL-Rejection-RC4 - Sample request form & sample mismatch"},{"code":"KVL.RC5","display":"VL-Rejection-RC5 - Sample not under cold chain"},{"code":"KVL.RC6","display":"VL-Rejection-RC6 - Expired PPT tubes"},{"code":"KVL.RC7","display":"VL-Rejection-RC7 - No request form"},{"code":"KVL.RC8","display":"VL-Rejection-RC8 - Improper packaging"},{"code":"KVL.RC9","display":"VL-Rejection-RC9 - Insufficient volume"},{"code":"KTB.RC1","display":"TB-Rejection-RC1 - Leaking"},{"code":"KTB.RC2","display":"TB-Rejection-RC2 - Request form without samples"},{"code":"KTB.RC3","display":"TB-Rejection-RC3 - Mismatch Information on requset from and specimen container"},{"code":"KTB.RC4","display":"TB-Rejection-RC4 - No label"},{"code":"KTB.RC5","display":"TB-Rejection-RC5 - No sample in the container"},{"code":"KTB.RC6","display":"TB-Rejection-RC6 - No requset form"},{"code":"KTB.RC7","display":"TB-Rejection-RC7 - Missing information required"},{"code":"KTB.RC8","display":"TB-Rejection-RC8 - Sample in the wrong container"},{"code":"KTB.RC9","display":"TB-Rejection-RC9 - Delay between sample collection and reception at NTRL"}]}