{
  "resourceType" : "DiagnosticReport",
  "id" : "example-cbc-diagnostic-report",
  "meta" : {
    "profile" : ["http://fhir.nphl.go.ke/StructureDefinition/KenyaDiagnosticReport"]
  },
  "text" : {
    "status" : "generated",
    "div" : "<div xmlns=\"http://www.w3.org/1999/xhtml\"><p class=\"res-header-id\"><b>Generated Narrative: DiagnosticReport example-cbc-diagnostic-report</b></p><a name=\"example-cbc-diagnostic-report\"> </a><a name=\"hcexample-cbc-diagnostic-report\"> </a><a name=\"example-cbc-diagnostic-report-en-US\"> </a><h2><span title=\"Codes:{http://loinc.org 58410-2}\">CBC panel - Blood by Automated count</span> </h2><table class=\"grid\"><tr><td>Subject</td><td>John Patient  Male, DoB: 1990-01-01 ( National unique individual identifier)</td></tr><tr><td>When For</td><td>2021-01-01</td></tr><tr><td>Performer</td><td> <a href=\"Organization-example-lab-organization--cgrh.html\">Organization Coast General Teaching and Referal Hospital</a></td></tr><tr><td>Identifier</td><td> cbc-diagnostic-report-1</td></tr></table><p><b>Report Details</b></p><table class=\"grid\"><tr><td><b>Code</b></td><td><b>Value</b></td><td><b>Flags</b></td></tr><tr><td><a href=\"Observation-example-cbc-observation.html\"><span title=\"Codes:{http://loinc.org 58410-2}\">CBC panel - Blood by Automated count</span></a></td><td>0</td><td>Final</td></tr></table></div>"
  },
  "identifier" : [{
    "value" : "cbc-diagnostic-report-1"
  }],
  "status" : "final",
  "code" : {
    "coding" : [{
      "system" : "http://loinc.org",
      "code" : "58410-2"
    }]
  },
  "subject" : {
    "reference" : "Patient/example-cbc-patient"
  },
  "effectiveDateTime" : "2021-01-01",
  "performer" : [{
    "reference" : "Organization/example-lab-organization--cgrh"
  }],
  "specimen" : [{
    "reference" : "Specimen/example-cbc-specimen"
  }],
  "result" : [{
    "reference" : "Observation/example-cbc-observation"
  }]
}