{
  "resourceType" : "ValueSet",
  "id" : "JustificationForLabOrderVS",
  "text" : {
    "status" : "generated",
    "div" : "<div xmlns=\"http://www.w3.org/1999/xhtml\"><p class=\"res-header-id\"><b>Generated Narrative: ValueSet JustificationForLabOrderVS</b></p><a name=\"JustificationForLabOrderVS\"> </a><a name=\"hcJustificationForLabOrderVS\"> </a><a name=\"JustificationForLabOrderVS-en-US\"> </a><ul><li>Include these codes as defined in <a href=\"CodeSystem-LabOrderJustificationsCS.html\"><code>http://fhir.nphl.go.ke/CodeSystem/LabOrderJustificationsCS</code></a><table class=\"none\"><tr><td style=\"white-space:nowrap\"><b>Code</b></td><td><b>Display</b></td></tr><tr><td><a href=\"CodeSystem-LabOrderJustificationsCS.html#LabOrderJustificationsCS-KDSTB.46B1\">KDSTB.B1</a></td><td style=\"color: #cccccc\">DSTB-Justification-B1 - Baseline</td></tr><tr><td><a href=\"CodeSystem-LabOrderJustificationsCS.html#LabOrderJustificationsCS-KDSTB.46F2\">KDSTB.F2</a></td><td style=\"color: #cccccc\">DSTB-Justification-F2 - Follow-up (2 months)</td></tr><tr><td><a href=\"CodeSystem-LabOrderJustificationsCS.html#LabOrderJustificationsCS-KDSTB.46F3\">KDSTB.F3</a></td><td style=\"color: #cccccc\">DSTB-Justification-F3 - Follow-up (3 months)</td></tr><tr><td><a href=\"CodeSystem-LabOrderJustificationsCS.html#LabOrderJustificationsCS-KDSTB.46F5\">KDSTB.F5</a></td><td style=\"color: #cccccc\">DSTB-Justification-F5 - Follow-up (5 months)</td></tr><tr><td><a href=\"CodeSystem-LabOrderJustificationsCS.html#LabOrderJustificationsCS-KDSTB.46F6\">KDSTB.F6</a></td><td style=\"color: #cccccc\">DSTB-Justification-F6 - Follow-up (6 months)</td></tr><tr><td><a href=\"CodeSystem-LabOrderJustificationsCS.html#LabOrderJustificationsCS-KDRTB.46B1\">KDRTB.B1</a></td><td style=\"color: #cccccc\">DRTB-Justification-B1 - Baseline</td></tr><tr><td><a href=\"CodeSystem-LabOrderJustificationsCS.html#LabOrderJustificationsCS-KDRTB.46F2\">KDRTB.F2</a></td><td style=\"color: #cccccc\">DRTB-Justification-F2 - Follow-up (2 months)</td></tr><tr><td><a href=\"CodeSystem-LabOrderJustificationsCS.html#LabOrderJustificationsCS-KDRTB.46F3\">KDRTB.F3</a></td><td style=\"color: #cccccc\">DRTB-Justification-F3 - Follow-up (3 months)</td></tr><tr><td><a href=\"CodeSystem-LabOrderJustificationsCS.html#LabOrderJustificationsCS-KDRTB.46F5\">KDRTB.F5</a></td><td style=\"color: #cccccc\">DRTB-Justification-F5 - Follow-up (5 months)</td></tr><tr><td><a href=\"CodeSystem-LabOrderJustificationsCS.html#LabOrderJustificationsCS-KDRTB.46F6\">KDRTB.F6</a></td><td style=\"color: #cccccc\">DRTB-Justification-F6 - Follow-up (6 months)</td></tr><tr><td><a href=\"CodeSystem-LabOrderJustificationsCS.html#LabOrderJustificationsCS-KEID.46P1\">KEID.P1</a></td><td style=\"color: #cccccc\">PCR-EID-Justification-P1 - Initial PCR (6week or first contact)</td></tr><tr><td><a href=\"CodeSystem-LabOrderJustificationsCS.html#LabOrderJustificationsCS-KEID.46P2\">KEID.P2</a></td><td style=\"color: #cccccc\">PCR-EID-Justification-P2 - 2nd PCR (6 months)</td></tr><tr><td><a href=\"CodeSystem-LabOrderJustificationsCS.html#LabOrderJustificationsCS-KEID.46P3\">KEID.P3</a></td><td style=\"color: #cccccc\">PCR-EID-Justification-P3 - 3rd PCR (12months)</td></tr><tr><td><a href=\"CodeSystem-LabOrderJustificationsCS.html#LabOrderJustificationsCS-KEID.46B1\">KEID.B1</a></td><td style=\"color: #cccccc\">PCR-EID-Justification-B1 - Confirmatory PCR and Baseline VL</td></tr><tr><td><a href=\"CodeSystem-LabOrderJustificationsCS.html#LabOrderJustificationsCS-KEID.46D1\">KEID.D1</a></td><td style=\"color: #cccccc\">PCR-EID-Justification-D1 - Discrepant PCR (tie breaker)</td></tr><tr><td><a href=\"CodeSystem-LabOrderJustificationsCS.html#LabOrderJustificationsCS-KEID.46R1\">KEID.R1</a></td><td style=\"color: #cccccc\">PCR-EID-Justification-R1 - Sample redraw (specify PCR sample Code e.g. 6,1 )</td></tr><tr><td><a href=\"CodeSystem-LabOrderJustificationsCS.html#LabOrderJustificationsCS-KVL.46B1\">KVL.B1</a></td><td>VL-Justification-B1 - 1st VL</td></tr><tr><td><a href=\"CodeSystem-LabOrderJustificationsCS.html#LabOrderJustificationsCS-KVL.46F1\">KVL.F1</a></td><td>VL-Justification-F1 - Follow up</td></tr><tr><td><a href=\"CodeSystem-LabOrderJustificationsCS.html#LabOrderJustificationsCS-KVL.46S1\">KVL.S1</a></td><td>VL-Justification-S1 - Single drug substitution</td></tr><tr><td><a href=\"CodeSystem-LabOrderJustificationsCS.html#LabOrderJustificationsCS-KVL.46R1\">KVL.R1</a></td><td>VL-Justification-R1 - Recency</td></tr><tr><td><a href=\"CodeSystem-LabOrderJustificationsCS.html#LabOrderJustificationsCS-KVL.46P1\">KVL.P1</a></td><td>VL-Justification-P1 - PMTCT NP</td></tr><tr><td><a href=\"CodeSystem-LabOrderJustificationsCS.html#LabOrderJustificationsCS-KVL.46P2\">KVL.P2</a></td><td>VL-Justification-P2 - PMTCT KP</td></tr></table></li></ul></div>"
  },
  "url" : "http://fhir.nphl.go.ke/ValueSet/JustificationForLabOrderVS",
  "version" : "0.1.0",
  "name" : "JustificationsForLabOrdersVS",
  "title" : "ValueSet: Justification options for Lab Orders",
  "status" : "draft",
  "experimental" : false,
  "date" : "2024-11-27T16:57:00+03:00",
  "publisher" : "DNLS",
  "contact" : [{
    "name" : "DNLS",
    "telecom" : [{
      "system" : "url",
      "value" : "http://nphl.go.ke"
    }]
  }],
  "description" : "Justification options for lab orders in this IG",
  "compose" : {
    "include" : [{
      "system" : "http://fhir.nphl.go.ke/CodeSystem/LabOrderJustificationsCS",
      "concept" : [{
        "code" : "KDSTB.B1"
      },
      {
        "code" : "KDSTB.F2"
      },
      {
        "code" : "KDSTB.F3"
      },
      {
        "code" : "KDSTB.F5"
      },
      {
        "code" : "KDSTB.F6"
      },
      {
        "code" : "KDRTB.B1"
      },
      {
        "code" : "KDRTB.F2"
      },
      {
        "code" : "KDRTB.F3"
      },
      {
        "code" : "KDRTB.F5"
      },
      {
        "code" : "KDRTB.F6"
      },
      {
        "code" : "KEID.P1"
      },
      {
        "code" : "KEID.P2"
      },
      {
        "code" : "KEID.P3"
      },
      {
        "code" : "KEID.B1"
      },
      {
        "code" : "KEID.D1"
      },
      {
        "code" : "KEID.R1"
      },
      {
        "code" : "KVL.B1",
        "display" : "VL-Justification-B1 - 1st VL"
      },
      {
        "code" : "KVL.F1",
        "display" : "VL-Justification-F1 - Follow up"
      },
      {
        "code" : "KVL.S1",
        "display" : "VL-Justification-S1 - Single drug substitution"
      },
      {
        "code" : "KVL.R1",
        "display" : "VL-Justification-R1 - Recency"
      },
      {
        "code" : "KVL.P1",
        "display" : "VL-Justification-P1 - PMTCT NP"
      },
      {
        "code" : "KVL.P2",
        "display" : "VL-Justification-P2 - PMTCT KP"
      }]
    }]
  }
}