{
  "resourceType" : "Bundle",
  "id" : "601cb093-b7f1-42c7-8c8a-82a86639ecac",
  "meta" : {
    "lastUpdated" : "2024-08-16T14:19:45.576+03:00"
  },
  "type" : "collection",
  "entry" : [{
    "fullUrl" : "http://fhir.nphl.go.ke/ValueSet/JustificationForLabOrderVS",
    "resource" : {
      "resourceType" : "ValueSet",
      "text" : {
        "status" : "generated",
        "div" : "<div xmlns=\"http://www.w3.org/1999/xhtml\"><p class=\"res-header-id\"><b>Generated Narrative: ValueSet </b></p><p style=\"border: black 1px dotted; background-color: #EEEEEE; padding: 8px; margin-bottom: 8px\">Expansion based on <a href=\"CodeSystem-LabOrderJustificationsCS.html\">codesystem CodeSystem: Laboratory Order Justifications v0.1.0 (CodeSystem)</a></p><p>This value set contains 22 concepts</p><table class=\"codes\"><tr><td style=\"white-space:nowrap\"><b>Code</b></td><td><b>System</b></td><td><b>Display</b></td></tr><tr><td style=\"white-space:nowrap\"><a name=\"null-x-http---fhir.nphl.go.ke-CodeSystem-LabOrderJustificationsCS-KDSTB.B1\"> </a>\u00a0\u00a0<a href=\"CodeSystem-LabOrderJustificationsCS.html#LabOrderJustificationsCS-KDSTB.46B1\">KDSTB.B1</a></td><td>http://fhir.nphl.go.ke/CodeSystem/LabOrderJustificationsCS</td><td>DSTB-Justification-B1 - Baseline</td></tr><tr><td style=\"white-space:nowrap\"><a name=\"null-x-http---fhir.nphl.go.ke-CodeSystem-LabOrderJustificationsCS-KDSTB.F2\"> </a>\u00a0\u00a0<a href=\"CodeSystem-LabOrderJustificationsCS.html#LabOrderJustificationsCS-KDSTB.46F2\">KDSTB.F2</a></td><td>http://fhir.nphl.go.ke/CodeSystem/LabOrderJustificationsCS</td><td>DSTB-Justification-F2 - Follow-up (2 months)</td></tr><tr><td style=\"white-space:nowrap\"><a name=\"null-x-http---fhir.nphl.go.ke-CodeSystem-LabOrderJustificationsCS-KDSTB.F3\"> </a>\u00a0\u00a0<a href=\"CodeSystem-LabOrderJustificationsCS.html#LabOrderJustificationsCS-KDSTB.46F3\">KDSTB.F3</a></td><td>http://fhir.nphl.go.ke/CodeSystem/LabOrderJustificationsCS</td><td>DSTB-Justification-F3 - Follow-up (3 months)</td></tr><tr><td style=\"white-space:nowrap\"><a name=\"null-x-http---fhir.nphl.go.ke-CodeSystem-LabOrderJustificationsCS-KDSTB.F5\"> </a>\u00a0\u00a0<a href=\"CodeSystem-LabOrderJustificationsCS.html#LabOrderJustificationsCS-KDSTB.46F5\">KDSTB.F5</a></td><td>http://fhir.nphl.go.ke/CodeSystem/LabOrderJustificationsCS</td><td>DSTB-Justification-F5 - Follow-up (5 months)</td></tr><tr><td style=\"white-space:nowrap\"><a name=\"null-x-http---fhir.nphl.go.ke-CodeSystem-LabOrderJustificationsCS-KDSTB.F6\"> </a>\u00a0\u00a0<a href=\"CodeSystem-LabOrderJustificationsCS.html#LabOrderJustificationsCS-KDSTB.46F6\">KDSTB.F6</a></td><td>http://fhir.nphl.go.ke/CodeSystem/LabOrderJustificationsCS</td><td>DSTB-Justification-F6 - Follow-up (6 months)</td></tr><tr><td style=\"white-space:nowrap\"><a name=\"null-x-http---fhir.nphl.go.ke-CodeSystem-LabOrderJustificationsCS-KDRTB.B1\"> </a>\u00a0\u00a0<a href=\"CodeSystem-LabOrderJustificationsCS.html#LabOrderJustificationsCS-KDRTB.46B1\">KDRTB.B1</a></td><td>http://fhir.nphl.go.ke/CodeSystem/LabOrderJustificationsCS</td><td>DRTB-Justification-B1 - Baseline</td></tr><tr><td style=\"white-space:nowrap\"><a name=\"null-x-http---fhir.nphl.go.ke-CodeSystem-LabOrderJustificationsCS-KDRTB.F2\"> </a>\u00a0\u00a0<a href=\"CodeSystem-LabOrderJustificationsCS.html#LabOrderJustificationsCS-KDRTB.46F2\">KDRTB.F2</a></td><td>http://fhir.nphl.go.ke/CodeSystem/LabOrderJustificationsCS</td><td>DRTB-Justification-F2 - Follow-up (2 months)</td></tr><tr><td style=\"white-space:nowrap\"><a name=\"null-x-http---fhir.nphl.go.ke-CodeSystem-LabOrderJustificationsCS-KDRTB.F3\"> </a>\u00a0\u00a0<a href=\"CodeSystem-LabOrderJustificationsCS.html#LabOrderJustificationsCS-KDRTB.46F3\">KDRTB.F3</a></td><td>http://fhir.nphl.go.ke/CodeSystem/LabOrderJustificationsCS</td><td>DRTB-Justification-F3 - Follow-up (3 months)</td></tr><tr><td style=\"white-space:nowrap\"><a name=\"null-x-http---fhir.nphl.go.ke-CodeSystem-LabOrderJustificationsCS-KDRTB.F5\"> </a>\u00a0\u00a0<a href=\"CodeSystem-LabOrderJustificationsCS.html#LabOrderJustificationsCS-KDRTB.46F5\">KDRTB.F5</a></td><td>http://fhir.nphl.go.ke/CodeSystem/LabOrderJustificationsCS</td><td>DRTB-Justification-F5 - Follow-up (5 months)</td></tr><tr><td style=\"white-space:nowrap\"><a name=\"null-x-http---fhir.nphl.go.ke-CodeSystem-LabOrderJustificationsCS-KDRTB.F6\"> </a>\u00a0\u00a0<a href=\"CodeSystem-LabOrderJustificationsCS.html#LabOrderJustificationsCS-KDRTB.46F6\">KDRTB.F6</a></td><td>http://fhir.nphl.go.ke/CodeSystem/LabOrderJustificationsCS</td><td>DRTB-Justification-F6 - Follow-up (6 months)</td></tr><tr><td style=\"white-space:nowrap\"><a name=\"null-x-http---fhir.nphl.go.ke-CodeSystem-LabOrderJustificationsCS-KEID.P1\"> </a>\u00a0\u00a0<a href=\"CodeSystem-LabOrderJustificationsCS.html#LabOrderJustificationsCS-KEID.46P1\">KEID.P1</a></td><td>http://fhir.nphl.go.ke/CodeSystem/LabOrderJustificationsCS</td><td>PCR-EID-Justification-P1 - Initial PCR (6week or first contact)</td></tr><tr><td style=\"white-space:nowrap\"><a name=\"null-x-http---fhir.nphl.go.ke-CodeSystem-LabOrderJustificationsCS-KEID.P2\"> </a>\u00a0\u00a0<a href=\"CodeSystem-LabOrderJustificationsCS.html#LabOrderJustificationsCS-KEID.46P2\">KEID.P2</a></td><td>http://fhir.nphl.go.ke/CodeSystem/LabOrderJustificationsCS</td><td>PCR-EID-Justification-P2 - 2nd PCR (6 months)</td></tr><tr><td style=\"white-space:nowrap\"><a name=\"null-x-http---fhir.nphl.go.ke-CodeSystem-LabOrderJustificationsCS-KEID.P3\"> </a>\u00a0\u00a0<a href=\"CodeSystem-LabOrderJustificationsCS.html#LabOrderJustificationsCS-KEID.46P3\">KEID.P3</a></td><td>http://fhir.nphl.go.ke/CodeSystem/LabOrderJustificationsCS</td><td>PCR-EID-Justification-P3 - 3rd PCR (12months)</td></tr><tr><td style=\"white-space:nowrap\"><a name=\"null-x-http---fhir.nphl.go.ke-CodeSystem-LabOrderJustificationsCS-KEID.B1\"> </a>\u00a0\u00a0<a href=\"CodeSystem-LabOrderJustificationsCS.html#LabOrderJustificationsCS-KEID.46B1\">KEID.B1</a></td><td>http://fhir.nphl.go.ke/CodeSystem/LabOrderJustificationsCS</td><td>PCR-EID-Justification-B1 - Confirmatory PCR and Baseline VL</td></tr><tr><td style=\"white-space:nowrap\"><a name=\"null-x-http---fhir.nphl.go.ke-CodeSystem-LabOrderJustificationsCS-KEID.D1\"> </a>\u00a0\u00a0<a href=\"CodeSystem-LabOrderJustificationsCS.html#LabOrderJustificationsCS-KEID.46D1\">KEID.D1</a></td><td>http://fhir.nphl.go.ke/CodeSystem/LabOrderJustificationsCS</td><td>PCR-EID-Justification-D1 - Discrepant PCR (tie breaker)</td></tr><tr><td style=\"white-space:nowrap\"><a name=\"null-x-http---fhir.nphl.go.ke-CodeSystem-LabOrderJustificationsCS-KEID.R1\"> </a>\u00a0\u00a0<a href=\"CodeSystem-LabOrderJustificationsCS.html#LabOrderJustificationsCS-KEID.46R1\">KEID.R1</a></td><td>http://fhir.nphl.go.ke/CodeSystem/LabOrderJustificationsCS</td><td>PCR-EID-Justification-R1 - Sample redraw (specify PCR sample Code e.g. 6,1 )</td></tr><tr><td style=\"white-space:nowrap\"><a name=\"null-x-http---fhir.nphl.go.ke-CodeSystem-LabOrderJustificationsCS-KVL.B1\"> </a>\u00a0\u00a0<a href=\"CodeSystem-LabOrderJustificationsCS.html#LabOrderJustificationsCS-KVL.46B1\">KVL.B1</a></td><td>http://fhir.nphl.go.ke/CodeSystem/LabOrderJustificationsCS</td><td>VL-Justification-B1 - 1st VL</td></tr><tr><td style=\"white-space:nowrap\"><a name=\"null-x-http---fhir.nphl.go.ke-CodeSystem-LabOrderJustificationsCS-KVL.F1\"> </a>\u00a0\u00a0<a href=\"CodeSystem-LabOrderJustificationsCS.html#LabOrderJustificationsCS-KVL.46F1\">KVL.F1</a></td><td>http://fhir.nphl.go.ke/CodeSystem/LabOrderJustificationsCS</td><td>VL-Justification-F1 - Follow up</td></tr><tr><td style=\"white-space:nowrap\"><a name=\"null-x-http---fhir.nphl.go.ke-CodeSystem-LabOrderJustificationsCS-KVL.S1\"> </a>\u00a0\u00a0<a href=\"CodeSystem-LabOrderJustificationsCS.html#LabOrderJustificationsCS-KVL.46S1\">KVL.S1</a></td><td>http://fhir.nphl.go.ke/CodeSystem/LabOrderJustificationsCS</td><td>VL-Justification-S1 - Single drug substitution</td></tr><tr><td style=\"white-space:nowrap\"><a name=\"null-x-http---fhir.nphl.go.ke-CodeSystem-LabOrderJustificationsCS-KVL.R1\"> </a>\u00a0\u00a0<a href=\"CodeSystem-LabOrderJustificationsCS.html#LabOrderJustificationsCS-KVL.46R1\">KVL.R1</a></td><td>http://fhir.nphl.go.ke/CodeSystem/LabOrderJustificationsCS</td><td>VL-Justification-R1 - Recency</td></tr><tr><td style=\"white-space:nowrap\"><a name=\"null-x-http---fhir.nphl.go.ke-CodeSystem-LabOrderJustificationsCS-KVL.P1\"> </a>\u00a0\u00a0<a href=\"CodeSystem-LabOrderJustificationsCS.html#LabOrderJustificationsCS-KVL.46P1\">KVL.P1</a></td><td>http://fhir.nphl.go.ke/CodeSystem/LabOrderJustificationsCS</td><td>VL-Justification-P1 - PMTCT NP</td></tr><tr><td style=\"white-space:nowrap\"><a name=\"null-x-http---fhir.nphl.go.ke-CodeSystem-LabOrderJustificationsCS-KVL.P2\"> </a>\u00a0\u00a0<a href=\"CodeSystem-LabOrderJustificationsCS.html#LabOrderJustificationsCS-KVL.46P2\">KVL.P2</a></td><td>http://fhir.nphl.go.ke/CodeSystem/LabOrderJustificationsCS</td><td>VL-Justification-P2 - PMTCT KP</td></tr></table></div>"
      },
      "url" : "http://fhir.nphl.go.ke/ValueSet/JustificationForLabOrderVS",
      "version" : "0.1.0",
      "name" : "JustificationsForLabOrdersVS",
      "title" : "ValueSet: Justification options for Lab Orders",
      "status" : "draft",
      "experimental" : false,
      "date" : "2024-08-16T14:19:45+03:00",
      "expansion" : {
        "identifier" : "urn:uuid:707a1f3b-fdd5-4a20-bf85-3b4d3ec9d6b7",
        "timestamp" : "2024-08-16T14:20:32+03:00",
        "total" : 22,
        "offset" : 0,
        "parameter" : [{
          "name" : "count",
          "valueInteger" : 1000
        },
        {
          "name" : "offset",
          "valueInteger" : 0
        },
        {
          "name" : "excludeNested",
          "valueBoolean" : false
        },
        {
          "name" : "used-codesystem",
          "valueUri" : "http://fhir.nphl.go.ke/CodeSystem/LabOrderJustificationsCS|0.1.0"
        }],
        "contains" : [{
          "system" : "http://fhir.nphl.go.ke/CodeSystem/LabOrderJustificationsCS",
          "code" : "KDSTB.B1",
          "display" : "DSTB-Justification-B1 - Baseline"
        },
        {
          "system" : "http://fhir.nphl.go.ke/CodeSystem/LabOrderJustificationsCS",
          "code" : "KDSTB.F2",
          "display" : "DSTB-Justification-F2 - Follow-up (2 months)"
        },
        {
          "system" : "http://fhir.nphl.go.ke/CodeSystem/LabOrderJustificationsCS",
          "code" : "KDSTB.F3",
          "display" : "DSTB-Justification-F3 - Follow-up (3 months)"
        },
        {
          "system" : "http://fhir.nphl.go.ke/CodeSystem/LabOrderJustificationsCS",
          "code" : "KDSTB.F5",
          "display" : "DSTB-Justification-F5 - Follow-up (5 months)"
        },
        {
          "system" : "http://fhir.nphl.go.ke/CodeSystem/LabOrderJustificationsCS",
          "code" : "KDSTB.F6",
          "display" : "DSTB-Justification-F6 - Follow-up (6 months)"
        },
        {
          "system" : "http://fhir.nphl.go.ke/CodeSystem/LabOrderJustificationsCS",
          "code" : "KDRTB.B1",
          "display" : "DRTB-Justification-B1 - Baseline"
        },
        {
          "system" : "http://fhir.nphl.go.ke/CodeSystem/LabOrderJustificationsCS",
          "code" : "KDRTB.F2",
          "display" : "DRTB-Justification-F2 - Follow-up (2 months)"
        },
        {
          "system" : "http://fhir.nphl.go.ke/CodeSystem/LabOrderJustificationsCS",
          "code" : "KDRTB.F3",
          "display" : "DRTB-Justification-F3 - Follow-up (3 months)"
        },
        {
          "system" : "http://fhir.nphl.go.ke/CodeSystem/LabOrderJustificationsCS",
          "code" : "KDRTB.F5",
          "display" : "DRTB-Justification-F5 - Follow-up (5 months)"
        },
        {
          "system" : "http://fhir.nphl.go.ke/CodeSystem/LabOrderJustificationsCS",
          "code" : "KDRTB.F6",
          "display" : "DRTB-Justification-F6 - Follow-up (6 months)"
        },
        {
          "system" : "http://fhir.nphl.go.ke/CodeSystem/LabOrderJustificationsCS",
          "code" : "KEID.P1",
          "display" : "PCR-EID-Justification-P1 - Initial PCR (6week or first contact)"
        },
        {
          "system" : "http://fhir.nphl.go.ke/CodeSystem/LabOrderJustificationsCS",
          "code" : "KEID.P2",
          "display" : "PCR-EID-Justification-P2 - 2nd PCR (6 months)"
        },
        {
          "system" : "http://fhir.nphl.go.ke/CodeSystem/LabOrderJustificationsCS",
          "code" : "KEID.P3",
          "display" : "PCR-EID-Justification-P3 - 3rd PCR (12months)"
        },
        {
          "system" : "http://fhir.nphl.go.ke/CodeSystem/LabOrderJustificationsCS",
          "code" : "KEID.B1",
          "display" : "PCR-EID-Justification-B1 - Confirmatory PCR and Baseline VL"
        },
        {
          "system" : "http://fhir.nphl.go.ke/CodeSystem/LabOrderJustificationsCS",
          "code" : "KEID.D1",
          "display" : "PCR-EID-Justification-D1 - Discrepant PCR (tie breaker)"
        },
        {
          "system" : "http://fhir.nphl.go.ke/CodeSystem/LabOrderJustificationsCS",
          "code" : "KEID.R1",
          "display" : "PCR-EID-Justification-R1 - Sample redraw (specify PCR sample Code e.g. 6,1 )"
        },
        {
          "system" : "http://fhir.nphl.go.ke/CodeSystem/LabOrderJustificationsCS",
          "code" : "KVL.B1",
          "display" : "VL-Justification-B1 - 1st VL"
        },
        {
          "system" : "http://fhir.nphl.go.ke/CodeSystem/LabOrderJustificationsCS",
          "code" : "KVL.F1",
          "display" : "VL-Justification-F1 - Follow up"
        },
        {
          "system" : "http://fhir.nphl.go.ke/CodeSystem/LabOrderJustificationsCS",
          "code" : "KVL.S1",
          "display" : "VL-Justification-S1 - Single drug substitution"
        },
        {
          "system" : "http://fhir.nphl.go.ke/CodeSystem/LabOrderJustificationsCS",
          "code" : "KVL.R1",
          "display" : "VL-Justification-R1 - Recency"
        },
        {
          "system" : "http://fhir.nphl.go.ke/CodeSystem/LabOrderJustificationsCS",
          "code" : "KVL.P1",
          "display" : "VL-Justification-P1 - PMTCT NP"
        },
        {
          "system" : "http://fhir.nphl.go.ke/CodeSystem/LabOrderJustificationsCS",
          "code" : "KVL.P2",
          "display" : "VL-Justification-P2 - PMTCT KP"
        }]
      }
    }
  },
  {
    "fullUrl" : "http://fhir.nphl.go.ke/ValueSet/RejectionReasonsForLabOrderVS",
    "resource" : {
      "resourceType" : "ValueSet",
      "text" : {
        "status" : "generated",
        "div" : "<div xmlns=\"http://www.w3.org/1999/xhtml\"><p class=\"res-header-id\"><b>Generated Narrative: ValueSet </b></p><p style=\"border: black 1px dotted; background-color: #EEEEEE; padding: 8px; margin-bottom: 8px\">Expansion based on <a href=\"CodeSystem-LabOrderRejectionReasonsCS.html\">codesystem CodeSystem: Laboratory Order Rejection Reasons v0.1.0 (CodeSystem)</a></p><p>This value set contains 33 concepts</p><table class=\"codes\"><tr><td style=\"white-space:nowrap\"><b>Code</b></td><td><b>System</b></td><td><b>Display</b></td></tr><tr><td style=\"white-space:nowrap\"><a name=\"null-x-http---fhir.nphl.go.ke-CodeSystem-LabOrderRejectionReasonsCS-KEID.RC1\"> </a>\u00a0\u00a0<a href=\"CodeSystem-LabOrderRejectionReasonsCS.html#LabOrderRejectionReasonsCS-KEID.46RC1\">KEID.RC1</a></td><td>http://fhir.nphl.go.ke/CodeSystem/LabOrderRejectionReasonsCS</td><td>EID-Rejection-RC1 - Unlabeled DBS</td></tr><tr><td style=\"white-space:nowrap\"><a name=\"null-x-http---fhir.nphl.go.ke-CodeSystem-LabOrderRejectionReasonsCS-KEID.RC2\"> </a>\u00a0\u00a0<a href=\"CodeSystem-LabOrderRejectionReasonsCS.html#LabOrderRejectionReasonsCS-KEID.46RC2\">KEID.RC2</a></td><td>http://fhir.nphl.go.ke/CodeSystem/LabOrderRejectionReasonsCS</td><td>EID-Rejection-RC2 - Over saturation</td></tr><tr><td style=\"white-space:nowrap\"><a name=\"null-x-http---fhir.nphl.go.ke-CodeSystem-LabOrderRejectionReasonsCS-KEID.RC3\"> </a>\u00a0\u00a0<a href=\"CodeSystem-LabOrderRejectionReasonsCS.html#LabOrderRejectionReasonsCS-KEID.46RC3\">KEID.RC3</a></td><td>http://fhir.nphl.go.ke/CodeSystem/LabOrderRejectionReasonsCS</td><td>EID-Rejection-RC3 - Insufficient blood</td></tr><tr><td style=\"white-space:nowrap\"><a name=\"null-x-http---fhir.nphl.go.ke-CodeSystem-LabOrderRejectionReasonsCS-KEID.RC4\"> </a>\u00a0\u00a0<a href=\"CodeSystem-LabOrderRejectionReasonsCS.html#LabOrderRejectionReasonsCS-KEID.46RC4\">KEID.RC4</a></td><td>http://fhir.nphl.go.ke/CodeSystem/LabOrderRejectionReasonsCS</td><td>EID-Rejection-RC4 - Scratched spots</td></tr><tr><td style=\"white-space:nowrap\"><a name=\"null-x-http---fhir.nphl.go.ke-CodeSystem-LabOrderRejectionReasonsCS-KEID.RC5\"> </a>\u00a0\u00a0<a href=\"CodeSystem-LabOrderRejectionReasonsCS.html#LabOrderRejectionReasonsCS-KEID.46RC5\">KEID.RC5</a></td><td>http://fhir.nphl.go.ke/CodeSystem/LabOrderRejectionReasonsCS</td><td>EID-Rejection-RC5 - Scattered spots</td></tr><tr><td style=\"white-space:nowrap\"><a name=\"null-x-http---fhir.nphl.go.ke-CodeSystem-LabOrderRejectionReasonsCS-KEID.RC6\"> </a>\u00a0\u00a0<a href=\"CodeSystem-LabOrderRejectionReasonsCS.html#LabOrderRejectionReasonsCS-KEID.46RC6\">KEID.RC6</a></td><td>http://fhir.nphl.go.ke/CodeSystem/LabOrderRejectionReasonsCS</td><td>EID-Rejection-RC6 - Two layered spot</td></tr><tr><td style=\"white-space:nowrap\"><a name=\"null-x-http---fhir.nphl.go.ke-CodeSystem-LabOrderRejectionReasonsCS-KEID.RC7\"> </a>\u00a0\u00a0<a href=\"CodeSystem-LabOrderRejectionReasonsCS.html#LabOrderRejectionReasonsCS-KEID.46RC7\">KEID.RC7</a></td><td>http://fhir.nphl.go.ke/CodeSystem/LabOrderRejectionReasonsCS</td><td>EID-Rejection-RC7 - Sample not due</td></tr><tr><td style=\"white-space:nowrap\"><a name=\"null-x-http---fhir.nphl.go.ke-CodeSystem-LabOrderRejectionReasonsCS-KEID.RC8\"> </a>\u00a0\u00a0<a href=\"CodeSystem-LabOrderRejectionReasonsCS.html#LabOrderRejectionReasonsCS-KEID.46RC8\">KEID.RC8</a></td><td>http://fhir.nphl.go.ke/CodeSystem/LabOrderRejectionReasonsCS</td><td>EID-Rejection-RC8 - Samples packed together</td></tr><tr><td style=\"white-space:nowrap\"><a name=\"null-x-http---fhir.nphl.go.ke-CodeSystem-LabOrderRejectionReasonsCS-KEID.RC9\"> </a>\u00a0\u00a0<a href=\"CodeSystem-LabOrderRejectionReasonsCS.html#LabOrderRejectionReasonsCS-KEID.46RC9\">KEID.RC9</a></td><td>http://fhir.nphl.go.ke/CodeSystem/LabOrderRejectionReasonsCS</td><td>EID-Rejection-RC9 - Clotted blood</td></tr><tr><td style=\"white-space:nowrap\"><a name=\"null-x-http---fhir.nphl.go.ke-CodeSystem-LabOrderRejectionReasonsCS-KEID.RC10\"> </a>\u00a0\u00a0<a href=\"CodeSystem-LabOrderRejectionReasonsCS.html#LabOrderRejectionReasonsCS-KEID.46RC10\">KEID.RC10</a></td><td>http://fhir.nphl.go.ke/CodeSystem/LabOrderRejectionReasonsCS</td><td>EID-Rejection-RC10 - Improper drying</td></tr><tr><td style=\"white-space:nowrap\"><a name=\"null-x-http---fhir.nphl.go.ke-CodeSystem-LabOrderRejectionReasonsCS-KEID.RC11\"> </a>\u00a0\u00a0<a href=\"CodeSystem-LabOrderRejectionReasonsCS.html#LabOrderRejectionReasonsCS-KEID.46RC11\">KEID.RC11</a></td><td>http://fhir.nphl.go.ke/CodeSystem/LabOrderRejectionReasonsCS</td><td>EID-Rejection-RC11 - Serum rings –water, alcohol</td></tr><tr><td style=\"white-space:nowrap\"><a name=\"null-x-http---fhir.nphl.go.ke-CodeSystem-LabOrderRejectionReasonsCS-KEID.RC12\"> </a>\u00a0\u00a0<a href=\"CodeSystem-LabOrderRejectionReasonsCS.html#LabOrderRejectionReasonsCS-KEID.46RC12\">KEID.RC12</a></td><td>http://fhir.nphl.go.ke/CodeSystem/LabOrderRejectionReasonsCS</td><td>EID-Rejection-RC12 - Collected on expired DBS card</td></tr><tr><td style=\"white-space:nowrap\"><a name=\"null-x-http---fhir.nphl.go.ke-CodeSystem-LabOrderRejectionReasonsCS-KEID.RC13\"> </a>\u00a0\u00a0<a href=\"CodeSystem-LabOrderRejectionReasonsCS.html#LabOrderRejectionReasonsCS-KEID.46RC13\">KEID.RC13</a></td><td>http://fhir.nphl.go.ke/CodeSystem/LabOrderRejectionReasonsCS</td><td>EID-Rejection-RC13 - Overstayed specimen ( &gt;2wks )</td></tr><tr><td style=\"white-space:nowrap\"><a name=\"null-x-http---fhir.nphl.go.ke-CodeSystem-LabOrderRejectionReasonsCS-KEID.RC14\"> </a>\u00a0\u00a0<a href=\"CodeSystem-LabOrderRejectionReasonsCS.html#LabOrderRejectionReasonsCS-KEID.46RC14\">KEID.RC14</a></td><td>http://fhir.nphl.go.ke/CodeSystem/LabOrderRejectionReasonsCS</td><td>EID-Rejection-RC14 - Above 2years</td></tr><tr><td style=\"white-space:nowrap\"><a name=\"null-x-http---fhir.nphl.go.ke-CodeSystem-LabOrderRejectionReasonsCS-KEID.RC15\"> </a>\u00a0\u00a0<a href=\"CodeSystem-LabOrderRejectionReasonsCS.html#LabOrderRejectionReasonsCS-KEID.46RC15\">KEID.RC15</a></td><td>http://fhir.nphl.go.ke/CodeSystem/LabOrderRejectionReasonsCS</td><td>EID-Rejection-RC15 - Sample &amp; requisition mismatch</td></tr><tr><td style=\"white-space:nowrap\"><a name=\"null-x-http---fhir.nphl.go.ke-CodeSystem-LabOrderRejectionReasonsCS-KVL.RC1\"> </a>\u00a0\u00a0<a href=\"CodeSystem-LabOrderRejectionReasonsCS.html#LabOrderRejectionReasonsCS-KVL.46RC1\">KVL.RC1</a></td><td>http://fhir.nphl.go.ke/CodeSystem/LabOrderRejectionReasonsCS</td><td>VL-Rejection-RC1 - Missing Sample</td></tr><tr><td style=\"white-space:nowrap\"><a name=\"null-x-http---fhir.nphl.go.ke-CodeSystem-LabOrderRejectionReasonsCS-KVL.RC2\"> </a>\u00a0\u00a0<a href=\"CodeSystem-LabOrderRejectionReasonsCS.html#LabOrderRejectionReasonsCS-KVL.46RC2\">KVL.RC2</a></td><td>http://fhir.nphl.go.ke/CodeSystem/LabOrderRejectionReasonsCS</td><td>VL-Rejection-RC2 - Hemolysed sample</td></tr><tr><td style=\"white-space:nowrap\"><a name=\"null-x-http---fhir.nphl.go.ke-CodeSystem-LabOrderRejectionReasonsCS-KVL.RC3\"> </a>\u00a0\u00a0<a href=\"CodeSystem-LabOrderRejectionReasonsCS.html#LabOrderRejectionReasonsCS-KVL.46RC3\">KVL.RC3</a></td><td>http://fhir.nphl.go.ke/CodeSystem/LabOrderRejectionReasonsCS</td><td>VL-Rejection-RC3 - Missing patient</td></tr><tr><td style=\"white-space:nowrap\"><a name=\"null-x-http---fhir.nphl.go.ke-CodeSystem-LabOrderRejectionReasonsCS-KVL.RC4\"> </a>\u00a0\u00a0<a href=\"CodeSystem-LabOrderRejectionReasonsCS.html#LabOrderRejectionReasonsCS-KVL.46RC4\">KVL.RC4</a></td><td>http://fhir.nphl.go.ke/CodeSystem/LabOrderRejectionReasonsCS</td><td>VL-Rejection-RC4 - Sample request form &amp; sample mismatch</td></tr><tr><td style=\"white-space:nowrap\"><a name=\"null-x-http---fhir.nphl.go.ke-CodeSystem-LabOrderRejectionReasonsCS-KVL.RC5\"> </a>\u00a0\u00a0<a href=\"CodeSystem-LabOrderRejectionReasonsCS.html#LabOrderRejectionReasonsCS-KVL.46RC5\">KVL.RC5</a></td><td>http://fhir.nphl.go.ke/CodeSystem/LabOrderRejectionReasonsCS</td><td>VL-Rejection-RC5 - Sample not under cold chain</td></tr><tr><td style=\"white-space:nowrap\"><a name=\"null-x-http---fhir.nphl.go.ke-CodeSystem-LabOrderRejectionReasonsCS-KVL.RC6\"> </a>\u00a0\u00a0<a href=\"CodeSystem-LabOrderRejectionReasonsCS.html#LabOrderRejectionReasonsCS-KVL.46RC6\">KVL.RC6</a></td><td>http://fhir.nphl.go.ke/CodeSystem/LabOrderRejectionReasonsCS</td><td>VL-Rejection-RC6 - Expired PPT tubes</td></tr><tr><td style=\"white-space:nowrap\"><a name=\"null-x-http---fhir.nphl.go.ke-CodeSystem-LabOrderRejectionReasonsCS-KVL.RC7\"> </a>\u00a0\u00a0<a href=\"CodeSystem-LabOrderRejectionReasonsCS.html#LabOrderRejectionReasonsCS-KVL.46RC7\">KVL.RC7</a></td><td>http://fhir.nphl.go.ke/CodeSystem/LabOrderRejectionReasonsCS</td><td>VL-Rejection-RC7 - No request form</td></tr><tr><td style=\"white-space:nowrap\"><a name=\"null-x-http---fhir.nphl.go.ke-CodeSystem-LabOrderRejectionReasonsCS-KVL.RC8\"> </a>\u00a0\u00a0<a href=\"CodeSystem-LabOrderRejectionReasonsCS.html#LabOrderRejectionReasonsCS-KVL.46RC8\">KVL.RC8</a></td><td>http://fhir.nphl.go.ke/CodeSystem/LabOrderRejectionReasonsCS</td><td>VL-Rejection-RC8 - Improper packaging</td></tr><tr><td style=\"white-space:nowrap\"><a name=\"null-x-http---fhir.nphl.go.ke-CodeSystem-LabOrderRejectionReasonsCS-KVL.RC9\"> </a>\u00a0\u00a0<a href=\"CodeSystem-LabOrderRejectionReasonsCS.html#LabOrderRejectionReasonsCS-KVL.46RC9\">KVL.RC9</a></td><td>http://fhir.nphl.go.ke/CodeSystem/LabOrderRejectionReasonsCS</td><td>VL-Rejection-RC9 - Insufficient volume</td></tr><tr><td style=\"white-space:nowrap\"><a name=\"null-x-http---fhir.nphl.go.ke-CodeSystem-LabOrderRejectionReasonsCS-KTB.RC1\"> </a>\u00a0\u00a0<a href=\"CodeSystem-LabOrderRejectionReasonsCS.html#LabOrderRejectionReasonsCS-KTB.46RC1\">KTB.RC1</a></td><td>http://fhir.nphl.go.ke/CodeSystem/LabOrderRejectionReasonsCS</td><td>TB-Rejection-RC1 - Leaking</td></tr><tr><td style=\"white-space:nowrap\"><a name=\"null-x-http---fhir.nphl.go.ke-CodeSystem-LabOrderRejectionReasonsCS-KTB.RC2\"> </a>\u00a0\u00a0<a href=\"CodeSystem-LabOrderRejectionReasonsCS.html#LabOrderRejectionReasonsCS-KTB.46RC2\">KTB.RC2</a></td><td>http://fhir.nphl.go.ke/CodeSystem/LabOrderRejectionReasonsCS</td><td>TB-Rejection-RC2 - Request form without samples</td></tr><tr><td style=\"white-space:nowrap\"><a name=\"null-x-http---fhir.nphl.go.ke-CodeSystem-LabOrderRejectionReasonsCS-KTB.RC3\"> </a>\u00a0\u00a0<a href=\"CodeSystem-LabOrderRejectionReasonsCS.html#LabOrderRejectionReasonsCS-KTB.46RC3\">KTB.RC3</a></td><td>http://fhir.nphl.go.ke/CodeSystem/LabOrderRejectionReasonsCS</td><td>TB-Rejection-RC3 - Mismatch Information on requset from and specimen container</td></tr><tr><td style=\"white-space:nowrap\"><a name=\"null-x-http---fhir.nphl.go.ke-CodeSystem-LabOrderRejectionReasonsCS-KTB.RC4\"> </a>\u00a0\u00a0<a href=\"CodeSystem-LabOrderRejectionReasonsCS.html#LabOrderRejectionReasonsCS-KTB.46RC4\">KTB.RC4</a></td><td>http://fhir.nphl.go.ke/CodeSystem/LabOrderRejectionReasonsCS</td><td>TB-Rejection-RC4 - No label</td></tr><tr><td style=\"white-space:nowrap\"><a name=\"null-x-http---fhir.nphl.go.ke-CodeSystem-LabOrderRejectionReasonsCS-KTB.RC5\"> </a>\u00a0\u00a0<a href=\"CodeSystem-LabOrderRejectionReasonsCS.html#LabOrderRejectionReasonsCS-KTB.46RC5\">KTB.RC5</a></td><td>http://fhir.nphl.go.ke/CodeSystem/LabOrderRejectionReasonsCS</td><td>TB-Rejection-RC5 - No sample in the container</td></tr><tr><td style=\"white-space:nowrap\"><a name=\"null-x-http---fhir.nphl.go.ke-CodeSystem-LabOrderRejectionReasonsCS-KTB.RC6\"> </a>\u00a0\u00a0<a href=\"CodeSystem-LabOrderRejectionReasonsCS.html#LabOrderRejectionReasonsCS-KTB.46RC6\">KTB.RC6</a></td><td>http://fhir.nphl.go.ke/CodeSystem/LabOrderRejectionReasonsCS</td><td>TB-Rejection-RC6 - No requset form</td></tr><tr><td style=\"white-space:nowrap\"><a name=\"null-x-http---fhir.nphl.go.ke-CodeSystem-LabOrderRejectionReasonsCS-KTB.RC7\"> </a>\u00a0\u00a0<a href=\"CodeSystem-LabOrderRejectionReasonsCS.html#LabOrderRejectionReasonsCS-KTB.46RC7\">KTB.RC7</a></td><td>http://fhir.nphl.go.ke/CodeSystem/LabOrderRejectionReasonsCS</td><td>TB-Rejection-RC7 - Missing information required</td></tr><tr><td style=\"white-space:nowrap\"><a name=\"null-x-http---fhir.nphl.go.ke-CodeSystem-LabOrderRejectionReasonsCS-KTB.RC8\"> </a>\u00a0\u00a0<a href=\"CodeSystem-LabOrderRejectionReasonsCS.html#LabOrderRejectionReasonsCS-KTB.46RC8\">KTB.RC8</a></td><td>http://fhir.nphl.go.ke/CodeSystem/LabOrderRejectionReasonsCS</td><td>TB-Rejection-RC8 - Sample in the wrong container</td></tr><tr><td style=\"white-space:nowrap\"><a name=\"null-x-http---fhir.nphl.go.ke-CodeSystem-LabOrderRejectionReasonsCS-KTB.RC9\"> </a>\u00a0\u00a0<a href=\"CodeSystem-LabOrderRejectionReasonsCS.html#LabOrderRejectionReasonsCS-KTB.46RC9\">KTB.RC9</a></td><td>http://fhir.nphl.go.ke/CodeSystem/LabOrderRejectionReasonsCS</td><td>TB-Rejection-RC9 - Delay between sample collection and reception at NTRL</td></tr></table></div>"
      },
      "url" : "http://fhir.nphl.go.ke/ValueSet/RejectionReasonsForLabOrderVS",
      "version" : "0.1.0",
      "name" : "RejectionReasonsForLabOrdersVS",
      "title" : "ValueSet: Rejection reasons for Lab Orders",
      "status" : "draft",
      "experimental" : false,
      "date" : "2024-08-16T14:19:45+03:00",
      "expansion" : {
        "identifier" : "urn:uuid:482fbaf5-7ad9-4da4-860f-9f67287f9942",
        "timestamp" : "2024-08-16T14:20:32+03:00",
        "total" : 33,
        "offset" : 0,
        "parameter" : [{
          "name" : "count",
          "valueInteger" : 1000
        },
        {
          "name" : "offset",
          "valueInteger" : 0
        },
        {
          "name" : "excludeNested",
          "valueBoolean" : false
        },
        {
          "name" : "used-codesystem",
          "valueUri" : "http://fhir.nphl.go.ke/CodeSystem/LabOrderRejectionReasonsCS|0.1.0"
        }],
        "contains" : [{
          "system" : "http://fhir.nphl.go.ke/CodeSystem/LabOrderRejectionReasonsCS",
          "code" : "KEID.RC1",
          "display" : "EID-Rejection-RC1 - Unlabeled DBS"
        },
        {
          "system" : "http://fhir.nphl.go.ke/CodeSystem/LabOrderRejectionReasonsCS",
          "code" : "KEID.RC2",
          "display" : "EID-Rejection-RC2 - Over saturation"
        },
        {
          "system" : "http://fhir.nphl.go.ke/CodeSystem/LabOrderRejectionReasonsCS",
          "code" : "KEID.RC3",
          "display" : "EID-Rejection-RC3 - Insufficient blood"
        },
        {
          "system" : "http://fhir.nphl.go.ke/CodeSystem/LabOrderRejectionReasonsCS",
          "code" : "KEID.RC4",
          "display" : "EID-Rejection-RC4 - Scratched spots"
        },
        {
          "system" : "http://fhir.nphl.go.ke/CodeSystem/LabOrderRejectionReasonsCS",
          "code" : "KEID.RC5",
          "display" : "EID-Rejection-RC5 - Scattered spots"
        },
        {
          "system" : "http://fhir.nphl.go.ke/CodeSystem/LabOrderRejectionReasonsCS",
          "code" : "KEID.RC6",
          "display" : "EID-Rejection-RC6 - Two layered spot"
        },
        {
          "system" : "http://fhir.nphl.go.ke/CodeSystem/LabOrderRejectionReasonsCS",
          "code" : "KEID.RC7",
          "display" : "EID-Rejection-RC7 - Sample not due"
        },
        {
          "system" : "http://fhir.nphl.go.ke/CodeSystem/LabOrderRejectionReasonsCS",
          "code" : "KEID.RC8",
          "display" : "EID-Rejection-RC8 - Samples packed together"
        },
        {
          "system" : "http://fhir.nphl.go.ke/CodeSystem/LabOrderRejectionReasonsCS",
          "code" : "KEID.RC9",
          "display" : "EID-Rejection-RC9 - Clotted blood"
        },
        {
          "system" : "http://fhir.nphl.go.ke/CodeSystem/LabOrderRejectionReasonsCS",
          "code" : "KEID.RC10",
          "display" : "EID-Rejection-RC10 - Improper drying"
        },
        {
          "system" : "http://fhir.nphl.go.ke/CodeSystem/LabOrderRejectionReasonsCS",
          "code" : "KEID.RC11",
          "display" : "EID-Rejection-RC11 - Serum rings –water, alcohol"
        },
        {
          "system" : "http://fhir.nphl.go.ke/CodeSystem/LabOrderRejectionReasonsCS",
          "code" : "KEID.RC12",
          "display" : "EID-Rejection-RC12 - Collected on expired DBS card"
        },
        {
          "system" : "http://fhir.nphl.go.ke/CodeSystem/LabOrderRejectionReasonsCS",
          "code" : "KEID.RC13",
          "display" : "EID-Rejection-RC13 - Overstayed specimen ( >2wks )"
        },
        {
          "system" : "http://fhir.nphl.go.ke/CodeSystem/LabOrderRejectionReasonsCS",
          "code" : "KEID.RC14",
          "display" : "EID-Rejection-RC14 - Above 2years"
        },
        {
          "system" : "http://fhir.nphl.go.ke/CodeSystem/LabOrderRejectionReasonsCS",
          "code" : "KEID.RC15",
          "display" : "EID-Rejection-RC15 - Sample & requisition mismatch"
        },
        {
          "system" : "http://fhir.nphl.go.ke/CodeSystem/LabOrderRejectionReasonsCS",
          "code" : "KVL.RC1",
          "display" : "VL-Rejection-RC1 - Missing Sample"
        },
        {
          "system" : "http://fhir.nphl.go.ke/CodeSystem/LabOrderRejectionReasonsCS",
          "code" : "KVL.RC2",
          "display" : "VL-Rejection-RC2 - Hemolysed sample"
        },
        {
          "system" : "http://fhir.nphl.go.ke/CodeSystem/LabOrderRejectionReasonsCS",
          "code" : "KVL.RC3",
          "display" : "VL-Rejection-RC3 - Missing patient"
        },
        {
          "system" : "http://fhir.nphl.go.ke/CodeSystem/LabOrderRejectionReasonsCS",
          "code" : "KVL.RC4",
          "display" : "VL-Rejection-RC4 - Sample request form & sample mismatch"
        },
        {
          "system" : "http://fhir.nphl.go.ke/CodeSystem/LabOrderRejectionReasonsCS",
          "code" : "KVL.RC5",
          "display" : "VL-Rejection-RC5 - Sample not under cold chain"
        },
        {
          "system" : "http://fhir.nphl.go.ke/CodeSystem/LabOrderRejectionReasonsCS",
          "code" : "KVL.RC6",
          "display" : "VL-Rejection-RC6 - Expired PPT tubes"
        },
        {
          "system" : "http://fhir.nphl.go.ke/CodeSystem/LabOrderRejectionReasonsCS",
          "code" : "KVL.RC7",
          "display" : "VL-Rejection-RC7 - No request form"
        },
        {
          "system" : "http://fhir.nphl.go.ke/CodeSystem/LabOrderRejectionReasonsCS",
          "code" : "KVL.RC8",
          "display" : "VL-Rejection-RC8 - Improper packaging"
        },
        {
          "system" : "http://fhir.nphl.go.ke/CodeSystem/LabOrderRejectionReasonsCS",
          "code" : "KVL.RC9",
          "display" : "VL-Rejection-RC9 - Insufficient volume"
        },
        {
          "system" : "http://fhir.nphl.go.ke/CodeSystem/LabOrderRejectionReasonsCS",
          "code" : "KTB.RC1",
          "display" : "TB-Rejection-RC1 - Leaking"
        },
        {
          "system" : "http://fhir.nphl.go.ke/CodeSystem/LabOrderRejectionReasonsCS",
          "code" : "KTB.RC2",
          "display" : "TB-Rejection-RC2 - Request form without samples"
        },
        {
          "system" : "http://fhir.nphl.go.ke/CodeSystem/LabOrderRejectionReasonsCS",
          "code" : "KTB.RC3",
          "display" : "TB-Rejection-RC3 - Mismatch Information on requset from and specimen container"
        },
        {
          "system" : "http://fhir.nphl.go.ke/CodeSystem/LabOrderRejectionReasonsCS",
          "code" : "KTB.RC4",
          "display" : "TB-Rejection-RC4 - No label"
        },
        {
          "system" : "http://fhir.nphl.go.ke/CodeSystem/LabOrderRejectionReasonsCS",
          "code" : "KTB.RC5",
          "display" : "TB-Rejection-RC5 - No sample in the container"
        },
        {
          "system" : "http://fhir.nphl.go.ke/CodeSystem/LabOrderRejectionReasonsCS",
          "code" : "KTB.RC6",
          "display" : "TB-Rejection-RC6 - No requset form"
        },
        {
          "system" : "http://fhir.nphl.go.ke/CodeSystem/LabOrderRejectionReasonsCS",
          "code" : "KTB.RC7",
          "display" : "TB-Rejection-RC7 - Missing information required"
        },
        {
          "system" : "http://fhir.nphl.go.ke/CodeSystem/LabOrderRejectionReasonsCS",
          "code" : "KTB.RC8",
          "display" : "TB-Rejection-RC8 - Sample in the wrong container"
        },
        {
          "system" : "http://fhir.nphl.go.ke/CodeSystem/LabOrderRejectionReasonsCS",
          "code" : "KTB.RC9",
          "display" : "TB-Rejection-RC9 - Delay between sample collection and reception at NTRL"
        }]
      }
    }
  },
  {
    "fullUrl" : "http://fhir.nphl.go.ke/ValueSet/yes-no-vs",
    "resource" : {
      "resourceType" : "ValueSet",
      "text" : {
        "status" : "generated",
        "div" : "<div xmlns=\"http://www.w3.org/1999/xhtml\"><p class=\"res-header-id\"><b>Generated Narrative: ValueSet </b></p><p style=\"border: black 1px dotted; background-color: #EEEEEE; padding: 8px; margin-bottom: 8px\">Expansion based on SNOMED CT International edition 01-Feb 2024</p><p>This value set contains 2 concepts</p><table class=\"codes\"><tr><td style=\"white-space:nowrap\"><b>Code</b></td><td><b>System</b></td><td><b>Display</b></td></tr><tr><td style=\"white-space:nowrap\"><a name=\"null-x-http---snomed.info-sct-373066001\"> </a>\u00a0\u00a0<a href=\"http://snomed.info/id/373066001\">373066001</a></td><td>http://snomed.info/sct</td><td>Yes (qualifier value)</td></tr><tr><td style=\"white-space:nowrap\"><a name=\"null-x-http---snomed.info-sct-373067005\"> </a>\u00a0\u00a0<a href=\"http://snomed.info/id/373067005\">373067005</a></td><td>http://snomed.info/sct</td><td>No (qualifier value)</td></tr></table></div>"
      },
      "url" : "http://fhir.nphl.go.ke/ValueSet/yes-no-vs",
      "version" : "0.1.0",
      "name" : "YesNoVS",
      "title" : "Yes/No Value Set",
      "status" : "draft",
      "date" : "2024-08-16T14:19:45+03:00",
      "expansion" : {
        "identifier" : "urn:uuid:13158c6e-b71a-4814-af99-826489c82dfe",
        "timestamp" : "2024-08-16T14:20:32+03:00",
        "total" : 2,
        "offset" : 0,
        "parameter" : [{
          "name" : "count",
          "valueInteger" : 1000
        },
        {
          "name" : "offset",
          "valueInteger" : 0
        },
        {
          "name" : "excludeNested",
          "valueBoolean" : false
        },
        {
          "name" : "used-valueset",
          "valueUri" : "null"
        },
        {
          "name" : "used-codesystem",
          "valueUri" : "http://snomed.info/sct|http://snomed.info/sct/900000000000207008/version/20240201"
        },
        {
          "name" : "version",
          "valueUri" : "http://snomed.info/sct|http://snomed.info/sct/900000000000207008/version/20240201"
        }],
        "contains" : [{
          "system" : "http://snomed.info/sct",
          "code" : "373066001",
          "display" : "Yes (qualifier value)"
        },
        {
          "system" : "http://snomed.info/sct",
          "code" : "373067005",
          "display" : "No (qualifier value)"
        }]
      }
    }
  }]
}